epoch,loss_g,loss_c,gp,fid,is_mean,is_std,run
1,2.1997541382850208,-3.113517033939178,0.08974320354213665,215.9383087158203,2.043633222579956,0.03697878122329712,1
2,0.47447317348421925,-2.89970074145944,0.07508645160286524,,,,1
3,1.4071525908466038,-2.8961179933764716,0.07374618718257317,,,,1
4,1.2968438320167988,-2.5151234276436427,0.06300886584139735,,,,1
5,-0.6147630482104484,-2.230225279197826,0.057001335875267956,120.6009292602539,2.5699620246887207,0.05279030278325081,1
6,-3.211485379329928,-2.0855219138043743,0.052832376332367426,,,,1
7,-3.9423623149628404,-1.9997399842197245,0.05048115218019152,,,,1
8,-5.014350263180432,-1.9198094877329739,0.048709892350333656,,,,1
9,-6.501923602986169,-1.8298807671436896,0.04777235578472068,,,,1
10,-7.636721064160754,-1.7402609344962594,0.0467687225363289,87.42533874511719,2.7138724327087402,0.045116640627384186,1
11,-8.574702329568929,-1.690072042541904,0.04596230435881998,,,,1
12,-9.018836340287349,-1.639702182132881,0.0453578742152614,,,,1
13,-8.361250137532508,-1.573874166795424,0.04461824595830501,,,,1
14,-8.35887355529345,-1.5275582429412362,0.04307728983507446,,,,1
15,-8.464013147604215,-1.4831881006280858,0.04294604971887661,85.02864837646484,2.7010724544525146,0.031403034925460815,1
16,-9.365055188015624,-1.4446773008033111,0.04204239648395589,,,,1
17,-9.738761273297397,-1.4053173190230257,0.042338049720640626,,,,1
18,-9.730056677248095,-1.3735293500073307,0.04166351081282421,,,,1
19,-10.21995146708055,-1.3555066702249168,0.041969872916677406,,,,1
20,-10.451610006652512,-1.3374399130160992,0.04174753433008763,85.36954498291016,2.8267664909362793,0.06363500654697418,1
21,-10.61235330238209,-1.2993853984179196,0.041064274187974786,,,,1
22,-10.75004042528726,-1.2719598625089739,0.040830019824011445,,,,1
23,-10.731637465370286,-1.2585946996728856,0.0404069825479357,,,,1
24,-11.181805009608501,-1.2354161130798447,0.039721211745774934,,,,1
25,-11.433899400117514,-1.1986548308725957,0.03975393041851116,69.37045288085938,2.785914659500122,0.03958313167095184,1
26,-11.608046777598508,-1.181987619066572,0.039150602973906413,,,,1
27,-12.025863704147872,-1.1751917542277517,0.03973746238035391,,,,1
28,-11.881089081297388,-1.1546160257779634,0.039803136695319645,,,,1
29,-12.167660037120738,-1.1375671241666887,0.03967048730245316,,,,1
30,-12.42068827068889,-1.1319793496098551,0.039238086054948246,78.0350570678711,2.876356840133667,0.0488111637532711,1
31,-12.544559873067415,-1.1172567389228127,0.03929036533153922,,,,1
32,-12.764800336811092,-1.0946108778039891,0.038339666379094646,,,,1
33,-13.186275457168792,-1.093434067039223,0.03872963738744961,,,,1
34,-13.574113655757237,-1.0643596949277225,0.03843489967097717,,,,1
35,-13.926180444397293,-1.054257372042516,0.03860068796007158,67.04583740234375,2.7697291374206543,0.07345768064260483,1
36,-13.795712068364336,-1.034172379053556,0.038329238352085744,,,,1
37,-13.714796726520245,-1.034914466050955,0.03887844577079991,,,,1
38,-14.484246612428786,-1.015895397513063,0.03835482975969521,,,,1
39,-14.841518335409098,-1.0199667457100394,0.03882718617682691,,,,1
40,-15.03166424644577,-1.0049039525585575,0.03855174496587548,64.43363189697266,2.8459908962249756,0.033387020230293274,1
41,-15.263877105045985,-0.9845002389454341,0.03849027352244756,,,,1
42,-15.670342473717003,-0.9909023821770728,0.038185072113544896,,,,1
43,-16.02512794774729,-0.9723207667157366,0.03773241208937879,,,,1
44,-16.22072816061807,-0.9554787840876546,0.0382616894402691,,,,1
45,-16.521595753156223,-0.9501479397286902,0.038295833244138246,62.30973434448242,2.784712553024292,0.05197335034608841,1
46,-16.93464655142564,-0.9535094549605897,0.03843491956090125,,,,1
47,-17.164364379602713,-0.9448622398443155,0.038528285778967754,,,,1
48,-17.23361545175939,-0.9298190528696234,0.03795167647784094,,,,1
49,-17.291494337828844,-0.925796193676395,0.03783955580515826,,,,1
50,-17.773949949891417,-0.9147343452160175,0.037847257209485854,61.656917572021484,2.7452971935272217,0.05797385051846504,1
51,-17.630203876462016,-0.9195398434058769,0.03798193559929781,,,,1
52,-17.944062518073128,-0.9090665562169535,0.038162816485220734,,,,1
53,-18.34446231301848,-0.9009841088648443,0.037786591024678594,,,,1
54,-18.729959384544745,-0.8974511406638406,0.037819283626895475,,,,1
55,-19.096056099538202,-0.892876841805198,0.038031978184240055,67.09166717529297,2.8579914569854736,0.05251506716012955,1
56,-19.308943560073427,-0.8738748643781755,0.03803948044184257,,,,1
57,-19.689096575850375,-0.8741058869795366,0.03802056472514059,,,,1
58,-20.056458151423847,-0.8757460884280972,0.03730739442423194,,,,1
59,-20.320582134740334,-0.868028722442947,0.03781517944624322,,,,1
60,-20.32248831962372,-0.8633689446882769,0.03824201039318646,59.18144226074219,2.797161817550659,0.05708763375878334,1
61,-20.537153100633954,-0.8490216882078798,0.03771868849765848,,,,1
62,-20.491403683082208,-0.8592852078951322,0.038129096893085676,,,,1
63,-21.15972722827138,-0.837539389416888,0.037800954592941735,,,,1
64,-21.296673926440153,-0.8455167516961798,0.03834106787791723,,,,1
65,-21.50793991055522,-0.8288912906513347,0.03706745070590918,54.958831787109375,2.877887725830078,0.05288375914096832,1
66,-21.5914134128944,-0.8277458127561983,0.037705805208012984,,,,1
67,-21.69848630478332,-0.8307242110058978,0.038306569512868364,,,,1
68,-21.95024875994329,-0.821404602144148,0.03755910752399766,,,,1
69,-22.303377159825573,-0.8139563140335616,0.037719167868274596,,,,1
70,-22.277134626895396,-0.810759030855619,0.03845049684111784,69.9175796508789,2.9272446632385254,0.06096735596656799,1
71,-22.47610392103662,-0.7968915008998417,0.03792732676419501,,,,1
72,-22.540863103799886,-0.798188037805624,0.03754626234368115,,,,1
73,-22.69852253607103,-0.7960492280813364,0.03793909280378554,,,,1
74,-23.006450239595,-0.7907416053585239,0.037596844695182846,,,,1
75,-23.30883320228203,-0.7918048871980681,0.03773415243331265,53.3561897277832,2.8328020572662354,0.048583026975393295,1
76,-23.601521940498085,-0.7793712649312052,0.03777519354622785,,,,1
77,-23.993779100738205,-0.7726540998979048,0.03767280815449263,,,,1
78,-24.155026212438838,-0.7777267102594976,0.037872595066152565,,,,1
79,-24.315492566648896,-0.7777001774394429,0.03759010028178719,,,,1
80,-24.492898871015,-0.7666251292595496,0.037926446503171556,51.96658706665039,2.835360527038574,0.0462506040930748,1
81,-24.536429221813496,-0.7600628646103652,0.037705505224452776,,,,1
82,-24.944978563935607,-0.7674327830334643,0.03792877959159131,,,,1
83,-25.555912151203287,-0.7559856201385284,0.038167507661232995,,,,1
84,-25.84589512031395,-0.7414996473939268,0.03823329996109217,,,,1
85,-26.253170818715663,-0.7515060484826148,0.03751492181343476,52.59747314453125,2.8303439617156982,0.0333859845995903,1
86,-26.273449302553296,-0.7477089808537409,0.0374934897429173,,,,1
87,-26.430668122284896,-0.7398842514811695,0.03800672256400796,,,,1
88,-26.51016875580474,-0.7313069263538281,0.03779682734251752,,,,1
89,-26.99412895082594,-0.7392701402410761,0.03794298962514092,,,,1
90,-26.973256114479547,-0.7296433715553551,0.03784749452252644,50.796607971191406,2.895249128341675,0.05704876035451889,1
91,-27.11871605486303,-0.727664952511554,0.03803839795682189,,,,1
92,-27.13603884523565,-0.722307271890707,0.03740082406585424,,,,1
93,-27.24653321879727,-0.721049974014709,0.03797889980031633,,,,1
94,-27.621887152011578,-0.716045936504444,0.03777961386693316,,,,1
95,-27.958091010580528,-0.7174546085037552,0.03787702413021841,52.86735916137695,2.93101167678833,0.05479453504085541,1
96,-27.930938937447287,-0.7149342073427214,0.03792156991255763,,,,1
97,-28.328861886804756,-0.7161406336964428,0.03782988048217201,,,,1
98,-28.65514978328785,-0.7035839974463403,0.03748527520915845,,,,1
99,-28.850488407628518,-0.698483465434788,0.037884308049663695,,,,1
100,-28.732185438796357,-0.6985083509992053,0.03811134029036531,51.004302978515625,2.8761680126190186,0.07336732000112534,1
101,-28.84885829645437,-0.6976798197606227,0.03800927281991898,,,,1
102,-29.01560743705376,-0.6977193188834023,0.03749580119762544,,,,1
103,-29.247437295380173,-0.6918068248908836,0.03759207351009485,,,,1
104,-29.73128902828777,-0.6887117215803453,0.03792880656819634,,,,1
105,-29.710060584795226,-0.68242850837174,0.03771402875866767,45.549800872802734,2.8801510334014893,0.06758419424295425,1
106,-29.894673020689638,-0.6803434478653061,0.037676293923929856,,,,1
107,-30.05372113447923,-0.6796615807326524,0.03774675585401173,,,,1
108,-30.095672492380743,-0.6737932792076697,0.03783047098464534,,,,1
109,-30.621591711377764,-0.6755786425583846,0.03751240285452117,,,,1
110,-30.570496185676202,-0.6798855674850357,0.03858105617191095,56.886741638183594,2.9110090732574463,0.09498365223407745,1
111,-30.471273485597198,-0.6685028576350712,0.03797019215079246,,,,1
112,-30.751041077233694,-0.6725534509111951,0.038414360470158025,,,,1
113,-31.025856811683493,-0.672943952200296,0.0380315135291719,,,,1
114,-31.27458074543026,-0.6686781236341783,0.037750971791744754,,,,1
115,-31.253313991573307,-0.6590714121198321,0.03787104356252439,49.84659957885742,2.914560079574585,0.03800942748785019,1
116,-31.32158795270053,-0.6555742533890517,0.03794703836116445,,,,1
117,-31.39656358998972,-0.6590290753157823,0.03791685102155784,,,,1
118,-31.686035889845627,-0.6577447344373156,0.038081929094151604,,,,1
119,-31.677974705929522,-0.6521970091999828,0.038379806504174545,,,,1
120,-32.07849670623566,-0.6547213434339403,0.037862271684306587,49.49552536010742,2.9701507091522217,0.04111182689666748,1
121,-32.01206920697139,-0.6561611065497766,0.03770692617358913,,,,1
122,-32.29071213482143,-0.6517269361269223,0.037261532626108276,,,,1
123,-32.17633453115717,-0.6557439190524441,0.03789093299325998,,,,1
124,-32.30342151735213,-0.6449970065296947,0.037765493271286255,,,,1
125,-32.40331896201714,-0.6462110289326914,0.03779098163586813,46.601478576660156,2.8694558143615723,0.05814465880393982,1
126,-32.42586067839936,-0.6465838972505156,0.03739651223527385,,,,1
127,-32.499406949623484,-0.6399139207559865,0.037461467930669345,,,,1
128,-32.75378905643117,-0.6406888378250015,0.03766531911125029,,,,1
129,-33.14757439139839,-0.6402496958112384,0.03764914282454321,,,,1
130,-32.866963961741305,-0.6339624761701463,0.03760479424813098,51.10853576660156,2.862855911254883,0.07544393092393875,1
131,-32.93231653166818,-0.6332900257377357,0.03742410062154482,,,,1
132,-33.288771072467725,-0.631927083422254,0.0378167700458813,,,,1
133,-33.53442718265774,-0.6371045662806585,0.03764207928011624,,,,1
134,-33.61927979809421,-0.6258576433141748,0.037892923267050224,,,,1
135,-33.31034028280031,-0.633083865359113,0.037609001864203725,49.793479919433594,2.8227322101593018,0.05975355580449104,1
136,-33.466429335254055,-0.6236797362774402,0.037669517576915924,,,,1
137,-33.553753419355914,-0.6271118150724397,0.03756372766875356,,,,1
138,-33.35311742929312,-0.6224574409164749,0.03818837242279124,,,,1
139,-33.58408340040621,-0.6216219721974193,0.03816586627357906,,,,1
140,-33.582428757127346,-0.6233473557692307,0.037860836804408084,56.54336166381836,2.904736042022705,0.05262494832277298,1
141,-33.646934842729905,-0.6225948633847537,0.038263388292316895,,,,1
142,-33.801046804948285,-0.6182239605830266,0.037640676867881126,,,,1
143,-33.742352268912576,-0.6199901687515366,0.03736253998281395,,,,1
144,-33.79263452049736,-0.6129578343638173,0.03748077251525088,,,,1
145,-33.707383442591954,-0.612517130124819,0.037815998447570505,49.34188461303711,2.8144259452819824,0.0700259655714035,1
146,-33.847052269048625,-0.6087474923033814,0.03787299194308063,,,,1
147,-33.93200995371892,-0.6126384201583329,0.03750607746301571,,,,1
148,-34.16248295857356,-0.6069316997394695,0.03727835497226228,,,,1
149,-34.469922552575596,-0.6113427368910996,0.03695453995500098,,,,1
150,-34.84397820159272,-0.6047851689211972,0.037583771327810066,44.087032318115234,2.9019322395324707,0.054491132497787476,1
1,0.23780420966693885,-3.0476756846154487,0.08996409732014775,217.4083709716797,1.9060863256454468,0.025594770908355713,2
2,-1.707567772718954,-2.8862189050320977,0.07366328411312266,,,,2
3,-1.1465490886394483,-2.9063930851179403,0.07222032845606441,,,,2
4,-1.7409169394262396,-2.5193719128211893,0.0636299380778589,,,,2
5,-2.0967142320973995,-2.2688302653027583,0.05708501939792056,121.05340576171875,2.561164379119873,0.06643977016210556,2
6,-2.6993906549699083,-2.117362749743295,0.053029909169861486,,,,2
7,-3.760336358777501,-2.019188941671298,0.051894238643621755,,,,2
8,-4.674645008740725,-1.9296373010098518,0.049806717734367074,,,,2
9,-5.943483328485822,-1.860115832173741,0.04905310387631969,,,,2
10,-6.821297331289812,-1.7813159018963367,0.048194782995664466,88.80007934570312,2.726396322250366,0.03472181037068367,2
11,-7.252317918347312,-1.7239902457157215,0.04598287387158383,,,,2
12,-7.366900173517374,-1.6726580228838888,0.04519749377281047,,,,2
13,-7.204554525705484,-1.6286349680040266,0.0443434670414463,,,,2
14,-7.000290080383941,-1.5764672910416877,0.04414365146393803,,,,2
15,-7.063420489951447,-1.5275590211361438,0.04324283316353714,84.27617645263672,2.808061361312866,0.05069980025291443,2
16,-7.241047832932505,-1.4981887761529509,0.04275377382934614,,,,2
17,-7.469369558187632,-1.4543818381282834,0.04298951437491663,,,,2
18,-7.6155540267904325,-1.426633490549101,0.04200050142639271,,,,2
19,-7.606507250479051,-1.3991050136672867,0.040960354926683325,,,,2
20,-7.591545009529674,-1.3763540537207277,0.04071897452605979,81.84020233154297,2.8567211627960205,0.0524052269756794,2
21,-7.675727705021838,-1.3453072592928692,0.04061753640172781,,,,2
22,-7.821674232299511,-1.329344495193108,0.04021129194464717,,,,2
23,-7.877280933456821,-1.3028421722925627,0.04015850328019709,,,,2
24,-7.9654165143733255,-1.2927257164374932,0.040628707238271104,,,,2
25,-8.300935776500435,-1.271109032464194,0.03956854077857118,82.51469421386719,2.7689852714538574,0.037684258073568344,2
26,-8.665092083124014,-1.2371035630886371,0.039001494284615024,,,,2
27,-8.859857851391906,-1.2244687113728556,0.0393217547301698,,,,2
28,-9.3014061417613,-1.2095895026113603,0.039212139243572634,,,,2
29,-9.605736124765622,-1.1888498755601735,0.03898911702550843,,,,2
30,-9.895703895108683,-1.1828060692006892,0.03838136530207743,76.55386352539062,2.8702309131622314,0.03487033024430275,2
31,-10.1842460148818,-1.1590667521203315,0.03833211360049883,,,,2
32,-10.492168753297179,-1.1494915026884813,0.03867520060767973,,,,2
33,-10.850637069948903,-1.1441595112527168,0.03902344631154898,,,,2
34,-11.21542412501115,-1.1256151040950855,0.0380027177230735,,,,2
35,-11.394463873409725,-1.1191579553630802,0.03785085534331734,72.89346313476562,2.7972559928894043,0.0460360050201416,2
36,-11.46671497905171,-1.0997542217894867,0.0376472457823298,,,,2
37,-11.574865859705252,-1.0948290274693415,0.037508660907876655,,,,2
38,-11.828374430849836,-1.085089386759938,0.038145178476335494,,,,2
39,-12.200962264221031,-1.0617309575314289,0.037305518144650475,,,,2
40,-12.77048689252013,-1.0581581484187732,0.037891590126002066,64.84899139404297,2.8777213096618652,0.07398034632205963,2
41,-13.023477705208572,-1.05302023720908,0.037084937655738184,,,,2
42,-13.09819975432816,-1.0424093641601242,0.03734691968265843,,,,2
43,-13.32474517488813,-1.0310743713712358,0.037184228978959934,,,,2
44,-13.594989799953007,-1.025523835962469,0.03703936650189799,,,,2
45,-14.072735032835206,-1.01612349656912,0.03747661153531887,61.03531265258789,2.9271419048309326,0.05995946004986763,2
46,-14.24168408167112,-1.0009098953300424,0.03729240900928064,,,,2
47,-14.256808997034193,-0.997512633150274,0.03727515248282181,,,,2
48,-14.504870859059421,-0.987503095106645,0.03710081652165032,,,,2
49,-14.782841206430556,-0.9807305977894709,0.0372560294491558,,,,2
50,-14.774954559919717,-0.9739216249305885,0.03717248794668308,70.4149398803711,2.8531999588012695,0.029655270278453827,2
51,-14.754749083018803,-0.9682053986129228,0.03679545145071522,,,,2
52,-15.084873572096125,-0.9573501523558077,0.0371809020928283,,,,2
53,-15.14832554913901,-0.9544198863156192,0.037000154211817605,,,,2
54,-15.269539098639589,-0.9559959481646131,0.037236031188818436,,,,2
55,-15.392679126946243,-0.946404753865062,0.03727999182704549,56.228973388671875,2.8574156761169434,0.07435579597949982,2
56,-15.581280910885418,-0.9320892437354668,0.0363978620218048,,,,2
57,-15.839844033434675,-0.9269628866569145,0.036824379881544335,,,,2
58,-16.214180124389543,-0.9241646411535623,0.036971503907775545,,,,2
59,-16.272326207661127,-0.9150533100941798,0.03712851396546914,,,,2
60,-16.276326042788845,-0.9113402433328696,0.03616926793360731,55.85172653198242,2.8589789867401123,0.043174318969249725,2
61,-16.346962236024282,-0.9125082642882021,0.03703803799303991,,,,2
62,-16.49862046341796,-0.8913682874266085,0.036647408399600664,,,,2
63,-16.7573907383672,-0.8885312422172172,0.03727813903079531,,,,2
64,-17.038277483486628,-0.8873958687682252,0.03691068152128556,,,,2
65,-17.095526478507303,-0.8781773327113865,0.03670354003829139,56.728782653808594,2.8616600036621094,0.039885032922029495,2
66,-17.092905900695108,-0.882252704847109,0.037359707679443216,,,,2
67,-17.354021727621973,-0.8742139131039173,0.03677341045642441,,,,2
68,-17.44033287371789,-0.8716556650775296,0.03694560336782695,,,,2
69,-17.139499339190397,-0.8671941715520579,0.037021301079450265,,,,2
70,-17.471440704552442,-0.8539225613320625,0.036712406730683114,60.96456527709961,2.8747498989105225,0.06360538303852081,2
71,-17.702044912151525,-0.8482297608902404,0.03696658714166419,,,,2
72,-17.736203691342492,-0.8508819675112104,0.03692186982501168,,,,2
73,-17.822455084407245,-0.8403983249530925,0.036809643470011394,,,,2
74,-17.69232325120406,-0.8393184371761508,0.036962581437790985,,,,2
75,-17.846339740119614,-0.8430277517625502,0.03723174105137847,54.25990676879883,2.924180746078491,0.05427231639623642,2
76,-18.011264989426085,-0.8236033349604039,0.036803294985939365,,,,2
77,-18.365225741913267,-0.8266077441769046,0.037140519358217716,,,,2
78,-18.69189554661304,-0.8239012448104112,0.037256841717118565,,,,2
79,-18.920357135625984,-0.8192658107597511,0.0373335840519179,,,,2
80,-18.84426252825277,-0.8197284945241221,0.03744551314894188,57.65147399902344,2.8808705806732178,0.056012216955423355,2
81,-18.95715072771886,-0.8105658067689909,0.03739404855328579,,,,2
82,-19.157390214346506,-0.8093031953264783,0.03748341064112118,,,,2
83,-19.070447731684972,-0.8006053821190254,0.037499485156414186,,,,2
84,-19.199774693775844,-0.8018654926673515,0.03726361529458757,,,,2
85,-19.161688716261537,-0.8005747178217748,0.03730797999818529,60.51516342163086,2.8705461025238037,0.04108201712369919,2
86,-18.709390305138967,-0.79214680945123,0.03700636813280309,,,,2
87,-19.149684070707202,-0.7922739632479794,0.03709656008441079,,,,2
88,-19.07841967869472,-0.7912004460821619,0.03730826115991165,,,,2
89,-19.34673594261383,-0.7847732630642977,0.03756759778296875,,,,2
90,-19.240448781660387,-0.7864174876179728,0.03676463207523045,55.50967788696289,2.8738110065460205,0.044459402561187744,2
91,-19.411650312530412,-0.7805542812480794,0.03661824985882723,,,,2
92,-19.562244613687476,-0.7802317726028549,0.0373371189649028,,,,2
93,-19.861334860741675,-0.7734317779541016,0.03667220797298567,,,,2
94,-19.98009175687403,-0.774670642572683,0.03682798471699072,,,,2
95,-20.140749866312202,-0.7635199606835426,0.03685096112548836,56.930789947509766,2.9126265048980713,0.05285155028104782,2
96,-20.117851404043343,-0.7622652320595055,0.03653668462611422,,,,2
97,-20.328102488617798,-0.759801644545335,0.03707812215084327,,,,2
98,-20.519816130191295,-0.757920910428454,0.03693261135766817,,,,2
99,-20.71359660742166,-0.7496707489440492,0.03719249909899972,,,,2
100,-20.625001462189466,-0.7560556418412215,0.03732012979315034,48.63096618652344,2.9262967109680176,0.07526232302188873,2
101,-20.842297784098378,-0.7488717799420124,0.03666031888321407,,,,2
102,-21.097890051928434,-0.7469663419923582,0.036908928518203064,,,,2
103,-20.943163346577357,-0.7382988446242326,0.03746356885925821,,,,2
104,-21.00043447034342,-0.7370601433974046,0.037291464684010074,,,,2
105,-21.098588746744436,-0.7371289780089906,0.036947167708076066,43.845245361328125,2.95701265335083,0.04093286022543907,2
106,-21.446157907272553,-0.7315566989925358,0.03727809489717694,,,,2
107,-21.430933793941577,-0.7357060609163938,0.03712044653834423,,,,2
108,-21.82260125667065,-0.7347073471629536,0.037343449659411096,,,,2
109,-22.03481661189686,-0.7229375122310399,0.0371389812236274,,,,2
110,-22.367445742333686,-0.7213405212322315,0.03790664450278493,59.35738754272461,2.940156936645508,0.04735923931002617,2
111,-22.422370702236684,-0.728505633094094,0.03738365571463963,,,,2
112,-22.26643624172344,-0.7185442764442284,0.03711100780222747,,,,2
113,-22.32262290441073,-0.7132383693348278,0.037369260921019255,,,,2
114,-22.746336701866632,-0.7160228832618339,0.03763680793410102,,,,2
115,-22.89541662656344,-0.7180434056928942,0.03736746790525797,47.008941650390625,2.9121391773223877,0.06465321779251099,2
116,-23.39767677467186,-0.7050983188869236,0.037534650039071076,,,,2
117,-23.353564559162912,-0.7090776533513636,0.03735821544505343,,,,2
118,-23.601016453096083,-0.7049437536226286,0.03731966346105026,,,,2
119,-23.57435957868616,-0.7038592358569166,0.03703543150445798,,,,2
120,-24.047993374871208,-0.7040818121049788,0.03790534181207731,48.30829620361328,2.915975570678711,0.08067485690116882,2
121,-24.166053990384082,-0.6976505376242258,0.03773378622978665,,,,2
122,-24.169301758279335,-0.6957543563175869,0.03729003327214843,,,,2
123,-24.778448933488004,-0.6908607849707971,0.037163136439020195,,,,2
124,-24.799831633801226,-0.6919015721007661,0.03694688794170539,,,,2
125,-25.080692746422507,-0.6978557676702113,0.03749200456508702,50.995731353759766,2.8542439937591553,0.06310523301362991,2
126,-25.042134666776324,-0.6881554510209944,0.037168384000489656,,,,2
127,-25.484640451577995,-0.6891940657075468,0.037187300037944335,,,,2
128,-25.597622878067977,-0.6822360929075655,0.0371446243334249,,,,2
129,-25.682208606413194,-0.6822873295603932,0.03678306239865512,,,,2
130,-25.9111583216207,-0.6883309270952132,0.03656809713033686,52.50402069091797,2.938904047012329,0.0596894845366478,2
131,-26.321740308841626,-0.6816541381649204,0.037195384372155985,,,,2
132,-26.362317540428855,-0.682305297651491,0.03666246422384117,,,,2
133,-26.472161269688105,-0.6822927881787707,0.03692713079622367,,,,2
134,-26.46387808306234,-0.685318706752537,0.03681283408671722,,,,2
135,-26.559029690869206,-0.6768451603976163,0.036981384111145,47.61769104003906,2.9775753021240234,0.06794717907905579,2
136,-26.262551189302563,-0.6751072273387776,0.0373182733611601,,,,2
137,-26.30460766478852,-0.6737126920606706,0.036839239711228475,,,,2
138,-26.386316189399132,-0.6785944875303682,0.036654372539996476,,,,2
139,-26.434359347070014,-0.6763040936076558,0.037093633509052176,,,,2
140,-26.97930357339499,-0.6711517213941454,0.036902835853137333,47.63579559326172,2.9733922481536865,0.08781509101390839,2
141,-27.27614916454662,-0.6715291079941329,0.037229568283952824,,,,2
142,-27.653599565679375,-0.6731692760974377,0.03724822449869105,,,,2
143,-27.77289418073801,-0.6615454867169573,0.036739058704669036,,,,2
144,-27.959479787132956,-0.6643757486676837,0.03747820292137094,,,,2
145,-27.886489149573798,-0.6641344373876398,0.03698455726311028,46.872276306152344,2.9397623538970947,0.08013255149126053,2
146,-27.743211055969024,-0.6618622966579624,0.0373263185342344,,,,2
147,-28.136580612275985,-0.6550023639118755,0.037273116466765115,,,,2
148,-28.209735068407927,-0.6602366854260852,0.03695121465635102,,,,2
149,-28.748563529728177,-0.6589028451826189,0.03682611739894675,,,,2
150,-28.859884600539306,-0.6567429112387704,0.03692633087479776,43.13317108154297,2.9828648567199707,0.06275984644889832,2
1,3.0412016627574143,-3.2245634884371626,0.09345567088665349,203.1613311767578,2.165055990219116,0.022741980850696564,3
2,1.7935628544903928,-2.877960345545015,0.07444326757368716,,,,3
3,1.690085671412257,-2.7498226381473607,0.07139892554581426,,,,3
4,-0.25459455880108517,-2.3474023553666536,0.06028965403084884,,,,3
5,-2.9171866554297976,-2.0724148527308777,0.05654312519297994,103.10462951660156,2.6366631984710693,0.03784887492656708,3
6,-3.801199276697125,-1.985836483277641,0.052964527882844004,,,,3
7,-5.982493709225754,-1.8886964139821647,0.05032024649785949,,,,3
8,-8.613475980041745,-1.8098507173411496,0.04938785527617885,,,,3
9,-9.959917524061003,-1.716080753536491,0.047902207575751456,,,,3
10,-10.575190826312646,-1.6397394383703912,0.04614497942628561,80.103271484375,2.687654972076416,0.0357278436422348,3
11,-11.667598575978847,-1.5819540874107734,0.044659808554875474,,,,3
12,-12.345876211053008,-1.5339676300128857,0.04350836429308605,,,,3
13,-12.993940025776416,-1.4990051993123301,0.04317076652069817,,,,3
14,-13.685423886025703,-1.470080768311774,0.042706991282089816,,,,3
15,-14.246731962357368,-1.4176576954501492,0.04248872809470273,70.8675308227539,2.766944646835327,0.05072003975510597,3
16,-14.659684368780443,-1.385239110126362,0.042019257816922416,,,,3
17,-15.143488643886325,-1.3473901006725284,0.0414166693083968,,,,3
18,-15.652084127172724,-1.327958501302279,0.041480296771725884,,,,3
19,-16.328813617046062,-1.2945171386211902,0.04111389615866062,,,,3
20,-16.785172944302325,-1.2840427427025107,0.04052139616610443,72.22413635253906,2.773129463195801,0.05194610357284546,3
21,-17.185652258512857,-1.2504580262657645,0.04079614965394921,,,,3
22,-17.808045928294842,-1.22028620176382,0.03975121919847243,,,,3
23,-18.335712127752238,-1.1983634366855755,0.039594245947558775,,,,3
24,-18.869001196814583,-1.1826754099839216,0.03994013375921787,,,,3
25,-19.188213953605064,-1.1776116627913256,0.039642142807621954,68.92333984375,2.7255642414093018,0.07159747183322906,3
26,-19.527429542341434,-1.1469573441085281,0.039486011491853976,,,,3
27,-19.88683433132572,-1.1315728300934904,0.03911530356072671,,,,3
28,-20.45871966535395,-1.1237901224123015,0.0389689010278146,,,,3
29,-20.89286521931628,-1.1110620815437158,0.0394529663840426,,,,3
30,-21.317718931011388,-1.0923243469291635,0.03969130770244694,69.03231048583984,2.78662371635437,0.050766170024871826,3
31,-21.739110966662427,-1.0785680000598614,0.039297852764505294,,,,3
32,-22.415320846584294,-1.0591219922045727,0.03911653430025269,,,,3
33,-22.558677606649333,-1.0511483329159397,0.039288809658125874,,,,3
34,-22.959320926999712,-1.0443633919829256,0.038690651327345546,,,,3
35,-23.846715048476533,-1.0112508293632028,0.0378223172538764,76.75784301757812,2.8609120845794678,0.042968716472387314,3
36,-24.258440899682213,-1.0127554923504383,0.03848321829316812,,,,3
37,-24.920608428808357,-0.9953876191919501,0.037433633287730333,,,,3
38,-25.540399039541924,-0.9938184514745966,0.03836561344446732,,,,3
39,-26.097012838283618,-0.9909072022338014,0.03903313992395215,,,,3
40,-26.427797999415365,-0.9769704275197916,0.03839885561492529,84.35050964355469,2.8252503871917725,0.06164022907614708,3
41,-27.000085382194786,-0.9648995582874005,0.03803540782928076,,,,3
42,-27.732183901580065,-0.9719834744513451,0.0387994329977481,,,,3
43,-27.920817983734025,-0.9668561928755753,0.03829334571410518,,,,3
44,-28.186806535387372,-0.9513640820563256,0.03782468818948715,,,,3
45,-28.97960223351325,-0.9401194865886981,0.03757556936202141,85.11378479003906,2.770015001296997,0.04869004338979721,3
46,-29.666811988070293,-0.9345864065877207,0.03785696814904784,,,,3
47,-30.127182108538967,-0.9285140671096481,0.03729956367678315,,,,3
48,-30.805731786714567,-0.9257548355556035,0.03835830221870927,,,,3
49,-31.696123298231537,-0.9063356989747161,0.03767262954570978,,,,3
50,-31.95088377198973,-0.9281021314901072,0.03747149745256386,71.31169128417969,2.829261541366577,0.06121281161904335,3
51,-32.28543326571271,-0.9164668796779393,0.03766338076357814,,,,3
52,-32.81776987756049,-0.9142234758897261,0.037452784671376534,,,,3
53,-33.340016588464486,-0.9095216797781991,0.0379817214358103,,,,3
54,-33.927651096890855,-0.9113067863704442,0.03829337260034586,,,,3
55,-34.639020154526186,-0.9013767025687478,0.037969008771950134,76.17000579833984,2.7943620681762695,0.06380285322666168,3
56,-35.549880219506214,-0.9090112672819124,0.038171900869379716,,,,3
57,-36.39329330404322,-0.896890720287403,0.03796821719579321,,,,3
58,-36.87485961980753,-0.8881105026165088,0.037855491572925885,,,,3
59,-37.70208215380048,-0.8964426550831828,0.03777846870325193,,,,3
60,-38.37621259689331,-0.8864606710580679,0.037870656679403945,71.99857330322266,2.8149092197418213,0.05318564549088478,3
61,-38.76744123605582,-0.8952045207257038,0.03739363507211365,,,,3
62,-38.94033971866528,-0.8771164333903706,0.03748912946972345,,,,3
63,-39.480983760807064,-0.8770479122241894,0.037925094428758785,,,,3
64,-40.08919944963255,-0.8898331735517595,0.037543908237004195,,,,3
65,-40.70642778423283,-0.8700012960634032,0.03758349281351466,68.17138671875,2.8744044303894043,0.07998306304216385,3
66,-41.63486512057431,-0.8742199177508587,0.037689594714739524,,,,3
67,-42.16344004744416,-0.8681454091638952,0.0377625582977426,,,,3
68,-43.03076427966565,-0.8566927843160562,0.03718044730782561,,,,3
69,-43.29026875796018,-0.8455389863127595,0.03720761700761276,,,,3
70,-44.46944499182534,-0.8551478686032595,0.03766171980675284,70.9388427734375,2.8756940364837646,0.0644896849989891,3
71,-45.63230578549258,-0.8418594206963386,0.037348890462173864,,,,3
72,-46.22228879861898,-0.8494110640945968,0.037457905693461635,,,,3
73,-46.51458413450868,-0.8484335579238571,0.037378974851559506,,,,3
74,-47.412218610723535,-0.8435550769725879,0.03747867127567842,,,,3
75,-48.14209249803236,-0.8399776512092644,0.03748314834681789,70.928466796875,2.9225921630859375,0.05892468988895416,3
76,-49.14181661272382,-0.8490776482161942,0.03735861718211766,,,,3
77,-49.765541370098404,-0.8373762977706802,0.03688658559141303,,,,3
78,-50.46152590704965,-0.8375792169904376,0.03732000118596935,,,,3
79,-51.327012432205095,-0.8295614502646707,0.036953234429620986,,,,3
80,-51.87222189002937,-0.8197034522370025,0.03708057624769846,59.12415313720703,2.79738712310791,0.05184342712163925,3
81,-52.39675036343661,-0.8291831583409877,0.037762391895472584,,,,3
82,-53.07188457208913,-0.8251900239424272,0.037801785723443004,,,,3
83,-53.387326013791814,-0.8145312962832151,0.03750621920477573,,,,3
84,-53.89719563931018,-0.8227656871288807,0.03698749787831952,,,,3
85,-55.40270390543904,-0.8215021253465773,0.03759483309703638,59.7440185546875,2.8537869453430176,0.05894337594509125,3
86,-55.909751785385026,-0.8346667623186445,0.03695031967815142,,,,3
87,-56.3550230139619,-0.8202036977647902,0.0376938571925503,,,,3
88,-57.215933472960145,-0.8233876561785077,0.03716477805787658,,,,3
89,-58.23424884489366,-0.8253005001094792,0.03764790502031679,,,,3
90,-58.63675359579233,-0.8181443081035481,0.03687645579603585,67.52519226074219,2.8617665767669678,0.05845880135893822,3
91,-58.92658939228191,-0.8075851993960934,0.0371334620074115,,,,3
92,-59.66077070969801,-0.8119057275198557,0.03706997760141698,,,,3
93,-60.23827155653414,-0.8177235009786966,0.03721492039039731,,,,3
94,-60.64883672274076,-0.7989980157438692,0.037094474186423934,,,,3
95,-61.30604705610475,-0.8115100260381098,0.03696989644826813,67.3651351928711,2.8923048973083496,0.04660952463746071,3
96,-61.82892067115623,-0.7982368335857258,0.03675168922815759,,,,3
97,-62.53078644092266,-0.7923851980196013,0.037154604472428354,,,,3
98,-63.10435545194399,-0.788144325042938,0.0371469112513652,,,,3
99,-63.188322620791986,-0.7929685165832093,0.036999595737397355,,,,3
100,-63.95056782235633,-0.786553559603391,0.037302738529389035,64.6387939453125,2.8810012340545654,0.05503436177968979,3
101,-64.7030921649266,-0.7838567286938221,0.03684579528187616,,,,3
102,-65.27121503869971,-0.7893232232207185,0.037002213613514405,,,,3
103,-65.84893262636412,-0.7709586403586648,0.03647881980913763,,,,3
104,-65.89570322570268,-0.7779014060547301,0.03696097519128238,,,,3
105,-66.19799140116551,-0.7745123709832038,0.03722599858802359,64.8785171508789,2.819064140319824,0.04796434938907623,3
106,-66.1351000579087,-0.7836820662438453,0.03683276924669378,,,,3
107,-65.65578364992476,-0.7862146617649318,0.037286276805338324,,,,3
108,-66.56244776799129,-0.7537024571345403,0.037343866432775985,,,,3
109,-66.59135779467496,-0.7817046358868792,0.03644937854195079,,,,3
110,-67.38574780951014,-0.7678301717851546,0.03675543717629687,63.4432373046875,2.887836217880249,0.060435716062784195,3
111,-67.65263693482726,-0.7892380094194745,0.03742475036883375,,,,3
112,-67.96090750927692,-0.7733945713176594,0.03721831629209064,,,,3
113,-67.89746421867318,-0.7634619032586372,0.03680446371924575,,,,3
114,-68.64155587283048,-0.7675430357873023,0.03762087901936961,,,,3
115,-69.08374584971608,-0.7571143270372511,0.03654689572985981,52.308406829833984,2.8909759521484375,0.06859663128852844,3
116,-69.29539560438036,-0.7594041490888263,0.037015092735002926,,,,3
117,-69.09947938185472,-0.7522468766966066,0.03684307566446649,,,,3
118,-68.72299358394596,-0.7600271018235,0.036999810601004976,,,,3
119,-69.44419740796923,-0.754989724059205,0.03683460959871593,,,,3
120,-70.08797212747427,-0.751500983338256,0.0370610880183538,63.6347770690918,2.931257486343384,0.048164673149585724,3
121,-70.86203178992638,-0.7492215216576636,0.036903123060319495,,,,3
122,-70.74724374784456,-0.7646954276344993,0.036831177056317665,,,,3
123,-71.60325816627983,-0.7574521911727798,0.03685456350400158,,,,3
124,-71.81258401670657,-0.7402049911605728,0.03662954213934579,,,,3
125,-71.83938472587745,-0.7539975226342261,0.03667249466159049,53.99706268310547,2.9328453540802,0.05872306227684021,3
126,-73.0346496021831,-0.7498857458154639,0.03735024241854313,,,,3
127,-73.60621633729734,-0.7438898820143479,0.03708423249475606,,,,3
128,-74.35495539311762,-0.7276960386262907,0.03651722911354545,,,,3
129,-74.82623847881398,-0.7319920479834496,0.03660879007188955,,,,3
130,-75.13704223232669,-0.7378657614434516,0.036580319846068486,63.703121185302734,2.817955493927002,0.05054312199354172,3
131,-75.01110731805122,-0.7276287679072027,0.036856603336527,,,,3
132,-75.62042340365323,-0.7218793788989941,0.037044541118992164,,,,3
133,-76.240308281425,-0.7293223934573727,0.0365051543812261,,,,3
134,-76.47832894491982,-0.7340585268460788,0.0369707829208224,,,,3
135,-77.15912196686217,-0.7129447176739886,0.03670334949327463,60.16312789916992,2.8477609157562256,0.05311564356088638,3
136,-77.99074772521332,-0.7358713816929531,0.03681291093711148,,,,3
137,-78.45499756286195,-0.7184714537400466,0.03694209046466471,,,,3
138,-79.14266344217154,-0.7158303427529502,0.03737393984492946,,,,3
139,-80.28772221411859,-0.7104832042347301,0.03665954943817969,,,,3
140,-80.9197674531203,-0.7195607565499685,0.03740285481228591,61.369728088378906,2.9105401039123535,0.053413454443216324,3
141,-81.51593467072173,-0.711615569108016,0.0367249052294276,,,,3
142,-81.7470585549628,-0.7136176449435574,0.03693036010514919,,,,3
143,-82.61094453451517,-0.7215023107461996,0.03679780484099019,,,,3
144,-82.56333753945944,-0.7254339631620821,0.03744239163409163,,,,3
145,-84.25867886976762,-0.6980394483446242,0.036572209166988105,57.88667297363281,2.8444323539733887,0.07228530198335648,3
146,-85.31965333098299,-0.7031431264810629,0.03737612198256738,,,,3
147,-85.33737572089775,-0.697046339928687,0.036647612001043516,,,,3
148,-86.2782572632903,-0.6931897876979588,0.03724901806693394,,,,3
149,-87.05746263223928,-0.7023944721355305,0.03716075157590367,,,,3
150,-87.81659588446983,-0.694965195822549,0.03647563751572026,59.86857223510742,2.8451035022735596,0.03992639109492302,3
1,4.160429901313167,-3.2940708448836853,0.09197969029338418,211.39743041992188,2.072131872177124,0.046503182500600815,4
2,2.380115230564497,-2.900530734574878,0.07527552147793186,,,,4
3,1.4697284819721081,-2.730761213215081,0.06878006820716745,,,,4
4,0.35608247853489916,-2.3998376359264335,0.06265954488979561,,,,4
5,-1.9848252589801338,-2.179131423989376,0.056463737726224573,130.99644470214844,2.5491795539855957,0.043256863951683044,4
6,-3.968341892676337,-2.0602183272163352,0.05427702198983854,,,,4
7,-6.306201099307387,-1.9660295012530746,0.05204175534117576,,,,4
8,-7.9052858119244345,-1.9026273734919674,0.050688975645307374,,,,4
9,-9.827814783249702,-1.8238886686471791,0.048600205653379636,,,,4
10,-11.51235457983884,-1.7527794129364973,0.04759351048501326,93.91785430908203,2.746262311935425,0.047082819044589996,4
11,-12.808742484846315,-1.68555266957183,0.047249708601462465,,,,4
12,-14.047563022666878,-1.6116130168621356,0.04558257616639554,,,,4
13,-14.894695528737316,-1.5781459149780808,0.04558938915737078,,,,4
14,-16.02439401950036,-1.5169122810963984,0.045255679940036334,,,,4
15,-16.841480183434655,-1.4641873144603277,0.04363795582504643,74.91561889648438,2.7653415203094482,0.05978821963071823,4
16,-17.805945251371476,-1.4311560092272457,0.0433325197782133,,,,4
17,-18.836556396284305,-1.3789625668025518,0.04264404956687737,,,,4
18,-19.36299683330776,-1.3456374098370958,0.043333995681894305,,,,4
19,-20.28025983430289,-1.3161253729066649,0.04186051654779203,,,,4
20,-20.935013444273622,-1.2788677382302451,0.04139530511371062,81.64978790283203,2.8304080963134766,0.035881947726011276,4
21,-21.440904297195114,-1.2542200171864115,0.04124366896311668,,,,4
22,-21.981130618315476,-1.231037244930134,0.040932678978994386,,,,4
23,-22.66545329727493,-1.2211094569493006,0.040981781302619126,,,,4
24,-23.267897795963954,-1.2011647091045246,0.04076685169158126,,,,4
25,-23.95106041348064,-1.1699875568176483,0.04053679443537616,85.7975845336914,2.8022830486297607,0.032037362456321716,4
26,-24.908045895449764,-1.1514035721758862,0.04027154630577596,,,,4
27,-25.58902649279241,-1.1225641807476123,0.039734137496891454,,,,4
28,-26.145106477337283,-1.1129288406638833,0.03916977088690012,,,,4
29,-26.90839109720884,-1.0996784947135232,0.03951948525227763,,,,4
30,-27.691821241712237,-1.0827200912929082,0.0390110171255102,84.16104125976562,2.8467772006988525,0.08711495995521545,4
31,-28.61692275700869,-1.0692367003514216,0.03899238364106709,,,,4
32,-29.37048996411837,-1.0507023167776894,0.038045967088921086,,,,4
33,-30.11495482004606,-1.0389229484371372,0.03800944314937439,,,,4
34,-30.839261191708225,-1.0199452646962412,0.03842494814734828,,,,4
35,-31.365264279025418,-1.0132779391495499,0.0379498956197469,85.73233032226562,2.717268705368042,0.03284153342247009,4
36,-32.16565235511406,-0.9981641552665017,0.03787928700310315,,,,4
37,-32.568754561297546,-0.9878839212697703,0.03833431039181362,,,,4
38,-32.30289873376593,-0.9789483580555949,0.038536196918930156,,,,4
39,-32.48889948271371,-0.9558955489338695,0.03788303773055648,,,,4
40,-32.9523505797753,-0.9575256117573985,0.03780642069934809,82.6297607421875,2.806793212890625,0.042350683361291885,4
41,-33.217805293890144,-0.955577721962562,0.03789383710941652,,,,4
42,-33.629699615331795,-0.940039848114227,0.03768683369173766,,,,4
43,-34.049458927207894,-0.9226612444524165,0.03736111599059736,,,,4
44,-34.3897639121209,-0.91028112798304,0.03762562118854921,,,,4
45,-35.23394623669711,-0.9148961180573577,0.03749347256555163,83.78303527832031,2.763059139251709,0.048986248672008514,4
46,-35.8922842699331,-0.8983207515903286,0.03725796231309642,,,,4
47,-36.15058890589467,-0.8938639180643575,0.03750765872174887,,,,4
48,-36.53388134082714,-0.8856181564864579,0.03730207667327844,,,,4
49,-36.941561918992264,-0.8758766567790425,0.03741119117834247,,,,4
50,-37.18067308572623,-0.8633256492081222,0.036612875324875845,73.13410949707031,2.7622241973876953,0.05521692708134651,4
51,-37.48888461573141,-0.8619050579471188,0.03726341363394281,,,,4
52,-37.92894805894865,-0.8537372475737458,0.03716307836324237,,,,4
53,-38.240991682439414,-0.8444457454281253,0.03721649337957216,,,,4
54,-38.52927786820418,-0.8415147674667252,0.03722667944588262,,,,4
55,-38.70728243981208,-0.8237532068799426,0.037082430320446724,72.18463897705078,2.7757856845855713,0.050664182752370834,4
56,-39.18232860098352,-0.8162794946790575,0.037308143709063324,,,,4
57,-39.570925942667714,-0.8240837183865634,0.037138759121103405,,,,4
58,-39.806281056437456,-0.814249422166731,0.03667687502416124,,,,4
59,-40.29379110736447,-0.8105462914580231,0.03720146647517706,,,,4
60,-40.79472584824462,-0.7991414170165162,0.037193122214045034,77.21640014648438,2.912372350692749,0.06075374782085419,4
61,-40.98650733574287,-0.7922279184514825,0.03659632082514048,,,,4
62,-41.33584001181009,-0.7825737833143114,0.036957611707592763,,,,4
63,-41.69570288624797,-0.7832273469938265,0.03652736942863444,,,,4
64,-41.998575203902234,-0.7761637981121356,0.036294156652907805,,,,4
65,-42.24227757553954,-0.7752104272375574,0.03718209110356711,71.82181549072266,2.7542073726654053,0.063347727060318,4
66,-42.928278893023936,-0.7707972759967083,0.036707216894931415,,,,4
67,-43.09736051426067,-0.759666049397075,0.036687053290645144,,,,4
68,-43.5536436000904,-0.7567643952536416,0.037133180772416764,,,,4
69,-43.928598877433295,-0.7529211744561896,0.03692732162780122,,,,4
70,-44.15283241805497,-0.745933115899146,0.03700994308777414,81.17489624023438,2.759544849395752,0.04969823732972145,4
71,-44.3983697190985,-0.7428252680318339,0.03688806809413318,,,,4
72,-44.99543938603435,-0.7324494915408688,0.03719939757138491,,,,4
73,-45.16545093976534,-0.7280901595429107,0.03647813799146276,,,,4
74,-45.45616526703734,-0.7294603827950004,0.03698851421338643,,,,4
75,-45.87145106108872,-0.7271858295360645,0.03737896530061856,71.98393249511719,2.7949318885803223,0.06361707299947739,4
76,-46.463463236401964,-0.717767001865627,0.03649551651466612,,,,4
77,-46.57853497325124,-0.712752032113242,0.036441707022983084,,,,4
78,-47.069547426450505,-0.7107617838399394,0.03667495313094004,,,,4
79,-47.67288752202388,-0.7070258113887761,0.03658527109798018,,,,4
80,-47.977446105930355,-0.7005741046025202,0.03684308649841826,62.49568176269531,2.859449625015259,0.06998838484287262,4
81,-48.05667808506038,-0.7026906346941327,0.036577036164674934,,,,4
82,-48.170864078548405,-0.6961372515538355,0.03708247494903374,,,,4
83,-48.41575309113189,-0.6977090101975661,0.03674017678021447,,,,4
84,-48.7772261246101,-0.6956715450420247,0.036532821312833294,,,,4
85,-48.908464228356635,-0.6904585311462829,0.03694389698297515,57.21697235107422,2.8031063079833984,0.054959770292043686,4
86,-48.737528634238075,-0.6910566750106278,0.03664312593254645,,,,4
87,-49.13992907450749,-0.6825671729507979,0.036246253657838574,,,,4
88,-49.28890080218549,-0.6755162819282158,0.03698649497741794,,,,4
89,-49.93087757550753,-0.676459439150937,0.036914045751498606,,,,4
90,-50.1090857199022,-0.671042955838717,0.03627465972253545,60.026248931884766,2.8490960597991943,0.04224533960223198,4
91,-50.19046906157807,-0.6729891416909811,0.036989180787980976,,,,4
92,-50.42243769785741,-0.6692536194007713,0.03680596233775409,,,,4
93,-50.48300745437195,-0.6660262754747084,0.0370857122263031,,,,4
94,-50.75929839794453,-0.6564466236354588,0.03687385181323267,,,,4
95,-50.84786996974812,-0.6581737645022518,0.03676811722921325,60.76194763183594,2.812134265899658,0.03860234096646309,4
96,-50.92508786208146,-0.6626262798175945,0.036575251364741816,,,,4
97,-51.167445906392345,-0.6623828761227482,0.036684418313687184,,,,4
98,-51.23226290149289,-0.6542243657412229,0.03701908760573845,,,,4
99,-51.68434356142591,-0.6574753581227123,0.03761901608440322,,,,4
100,-51.76415389401096,-0.6479064801356176,0.03736783952087529,62.580223083496094,2.8364899158477783,0.04423169046640396,4
101,-51.82469887833495,-0.6497183046140871,0.036690719503831196,,,,4
102,-52.000755496792024,-0.6486896801661778,0.03704156471624762,,,,4
103,-52.14104706757552,-0.6440490042413032,0.0374007209340905,,,,4
104,-52.09310392899947,-0.6391900536063668,0.036719672168585495,,,,4
105,-52.17382644773363,-0.64138997351373,0.03697847481817007,66.87323760986328,2.8652658462524414,0.0606314092874527,4
106,-52.391130400704334,-0.6378810855892155,0.037297261813720624,,,,4
107,-52.58045170190451,-0.6400086929748109,0.03683429965065545,,,,4
108,-52.08125309177212,-0.6418606884829647,0.03689365241012269,,,,4
109,-52.48768284270813,-0.6362346035617215,0.0369693634761302,,,,4
110,-52.61396470436683,-0.6312977150603608,0.03681450725819629,63.58903121948242,2.7844772338867188,0.06756851822137833,4
111,-52.83041705284919,-0.6310031897538192,0.03657248597657243,,,,4
112,-52.90945128460864,-0.6285781593589516,0.03661139188594856,,,,4
113,-52.98274141258293,-0.6344502022216371,0.037248942046914695,,,,4
114,-53.34033693633713,-0.6252397057059762,0.03671607792286293,,,,4
115,-53.33763818807535,-0.6255597334641677,0.0368530034670489,63.72289276123047,2.8027260303497314,0.03496174514293671,4
116,-53.5159999707362,-0.6282412388941625,0.03709059767262242,,,,4
117,-53.715534807085156,-0.6237562052853458,0.036642358004981716,,,,4
118,-54.07588421881616,-0.6190025556337583,0.03685629798158013,,,,4
119,-54.4742758424132,-0.6146608499380258,0.037119727453112705,,,,4
120,-54.78762283191814,-0.6159457693566809,0.03617820429446345,63.99763488769531,2.8982856273651123,0.04380789399147034,4
121,-55.06116230504496,-0.6173193004581478,0.036627987041496314,,,,4
122,-55.11484212475223,-0.6146329432934314,0.03698929822091925,,,,4
123,-55.167402794311094,-0.6158017678694292,0.03716303993641705,,,,4
124,-55.109034728337,-0.6134930890756887,0.0367375653924199,,,,4
125,-55.01402778225345,-0.6165390181374717,0.03634567656619409,58.99454879760742,2.8391900062561035,0.0613093338906765,4
126,-55.393822626634076,-0.6116548684927133,0.03704262994086513,,,,4
127,-55.61292917078192,-0.6135981232969911,0.03683327390304343,,,,4
128,-55.82331897828963,-0.611350556353589,0.037644299351239016,,,,4
129,-55.85915896942566,-0.6046497605063699,0.03740747945572061,,,,4
130,-55.714534726176225,-0.6074297844946801,0.03740399288033116,54.59611129760742,2.86159610748291,0.0626981183886528,4
131,-55.926703996591634,-0.6075868039698034,0.03714108422326927,,,,4
132,-56.438609399995606,-0.603737947824118,0.036887330286387174,,,,4
133,-56.83205384141082,-0.6027772343242085,0.037266754037277264,,,,4
134,-56.95876774421105,-0.6006920120932839,0.037171834711819056,,,,4
135,-57.19496176793025,-0.6138396629920373,0.036588088125706866,55.151241302490234,2.776700496673584,0.04557308182120323,4
136,-57.532764481497814,-0.5988395030681903,0.03660511047989651,,,,4
137,-57.851227506891,-0.6025196455575369,0.03691852007100319,,,,4
138,-58.280496894062814,-0.6048628133493703,0.03668424708384473,,,,4
139,-58.46516531163996,-0.5971050262451172,0.036630142551775165,,,,4
140,-58.32149442259249,-0.5939813593884448,0.03628693562378729,56.046974182128906,2.9104835987091064,0.04028116539120674,4
141,-58.63333040850979,-0.5965960109150493,0.03677363382730555,,,,4
142,-58.95633153982096,-0.5967653014443137,0.036417629818881414,,,,4
143,-59.20800374437879,-0.6009086262096058,0.03697412776096457,,,,4
144,-59.353939176439404,-0.5973990280311424,0.036826576342337304,,,,4
145,-59.38542545425308,-0.5937809443973995,0.03685196229725607,49.93792724609375,2.842963218688965,0.04571204259991646,4
146,-59.562014009569076,-0.5965994654835521,0.03692348909538265,,,,4
147,-59.63062875254171,-0.5990768512645801,0.03672774089988764,,,,4
148,-59.884960651397705,-0.5956554646258587,0.03653857054130233,,,,4
149,-59.89736043156444,-0.6113878730293754,0.03696569706918997,,,,4
150,-60.51605191264119,-0.6002725854620233,0.03683955683144969,68.67188262939453,2.791811943054199,0.03309040889143944,4
1,4.0864955405476735,-3.202765617493566,0.0943149697944079,223.00001525878906,2.1641457080841064,0.028728336095809937,5
2,4.644271388024717,-2.8787671355726,0.07512050977471721,,,,5
3,3.9186995782843836,-2.801602429755918,0.07205093963644825,,,,5
4,0.9826134982180189,-2.3814341198731137,0.06423731445549773,,,,5
5,-0.00284475855972175,-2.1084793053723714,0.05695192838393777,122.14517211914062,2.5400891304016113,0.056614380329847336,5
6,-1.1755735021380878,-1.9886289177449432,0.05446257856609365,,,,5
7,-2.9131929264827208,-1.9185493679104986,0.05253964722631955,,,,5
8,-4.931949576766757,-1.8267040932095133,0.04978903216453126,,,,5
9,-6.931734147188547,-1.744906194143362,0.047449825836306476,,,,5
10,-8.462190984012363,-1.6954402865229787,0.04768947996948097,88.2845687866211,2.657273292541504,0.04105206951498985,5
11,-9.455821910521367,-1.6447197294735407,0.046104018622032415,,,,5
12,-10.108081320782642,-1.5981473793516625,0.04508113894136167,,,,5
13,-10.48903040160666,-1.5514141158624128,0.0451786023225974,,,,5
14,-10.988969140119487,-1.497960235272254,0.0445428333893236,,,,5
15,-11.963417990224345,-1.4546404660164893,0.043851625952557045,93.07171630859375,2.731826066970825,0.061323072761297226,5
16,-12.81205873305981,-1.4281186490625768,0.043756728353617075,,,,5
17,-13.3746788860201,-1.3975801834693322,0.042734689945420186,,,,5
18,-14.150842377355882,-1.3601263678157247,0.0423873093392752,,,,5
19,-14.819475755824909,-1.329167007566332,0.042241219375803545,,,,5
20,-15.338484789941694,-1.3061915044184331,0.04192776314367156,96.50599670410156,2.7422664165496826,0.07006088644266129,5
21,-16.073717806722733,-1.2803750738397346,0.04143894537208745,,,,5
22,-16.71706356118609,-1.2500106046249817,0.04121137159498786,,,,5
23,-16.573716497921442,-1.222966613469424,0.04098001889676064,,,,5
24,-16.596824337552476,-1.2103936588847555,0.04055745622071509,,,,5
25,-16.481207262385976,-1.1825867983011098,0.041111214882596496,91.22351837158203,2.8368446826934814,0.041510242968797684,5
26,-16.93779284053749,-1.1649916021973936,0.04032128631671356,,,,5
27,-17.05028151048647,-1.1341736625124526,0.040714416475445554,,,,5
28,-17.307377135003364,-1.121659593148665,0.040437446355207504,,,,5
29,-17.394330789159227,-1.1127843248260605,0.03952261316264374,,,,5
30,-17.522600303996693,-1.1004249224295983,0.03984937713305642,98.30662536621094,2.87229061126709,0.057541992515325546,5
31,-17.62468635452377,-1.073859699956187,0.03950603846851346,,,,5
32,-17.693538529889565,-1.059772117988213,0.03947177786100005,,,,5
33,-17.738989575759515,-1.0372996830440069,0.03939062330246597,,,,5
34,-17.91352528208619,-1.0281257045852554,0.03930529870639939,,,,5
35,-17.695594785096763,-1.0230920614896122,0.03937112623695414,76.3696060180664,2.824791431427002,0.04195262864232063,5
36,-17.8966236381264,-0.9994134827927276,0.03899255760137799,,,,5
37,-17.826677004774133,-0.995601425637732,0.03905365017561854,,,,5
38,-17.700870395540356,-0.9893660495331237,0.039188010627859746,,,,5
39,-17.652532547503917,-0.9738764154327499,0.03912501427722717,,,,5
40,-17.365197675211448,-0.9687718961622331,0.03900989912730361,76.64765930175781,2.832505702972412,0.044790979474782944,5
41,-17.384945514318826,-0.9471552622068179,0.03835610904522448,,,,5
42,-17.42579837695702,-0.9415011922796289,0.03845455498968648,,,,5
43,-17.336394785167453,-0.9368533713000637,0.038504128639058735,,,,5
44,-17.548712921309303,-0.9217109713521037,0.03871232682637141,,,,5
45,-17.69056117284548,-0.9229405960002979,0.03867884496734901,79.92757415771484,2.861119270324707,0.028134262189269066,5
46,-17.772762879625066,-0.9052150082754922,0.03866101894771902,,,,5
47,-17.5291272993688,-0.8981554241447182,0.03816645353758981,,,,5
48,-17.55094779037929,-0.89233768819929,0.038543542353696864,,,,5
49,-17.657709280094068,-0.8826266602202729,0.03833946886381225,,,,5
50,-17.62430642618166,-0.8794328224408877,0.03906282416049886,78.33140563964844,2.8635284900665283,0.0368504524230957,5
51,-17.75897974150998,-0.8683884127156718,0.0387499786170942,,,,5
52,-17.61316174893946,-0.8669303363853401,0.038704054829032795,,,,5
53,-17.432147357013676,-0.8604129277742826,0.03833290305757127,,,,5
54,-17.41281943638008,-0.8516593129484804,0.03846927875183992,,,,5
55,-17.38707675383641,-0.8375286205665214,0.03889237518318102,68.90597534179688,2.833895444869995,0.04022226482629776,5
56,-17.475025202844527,-0.831301260661412,0.038206656227357215,,,,5
57,-17.28684739049498,-0.8372419780784554,0.0383370769587899,,,,5
58,-17.221807807475535,-0.8314159708423214,0.038900811404276356,,,,5
59,-17.140564038203312,-0.8213230321457335,0.03774103408653315,,,,5
60,-17.21706222904312,-0.8138202920660272,0.03792247145886084,61.02433395385742,2.905414342880249,0.06946641206741333,5
61,-17.27789483537207,-0.8087268759320666,0.03827579875177072,,,,5
62,-17.208604643394896,-0.8095002049332732,0.03827425424120278,,,,5
63,-17.22394918978631,-0.8044819790166575,0.03873621295466759,,,,5
64,-17.173426358016222,-0.7941648009773734,0.03851558196918479,,,,5
65,-17.31685907523949,-0.7914819025493168,0.03818733831362838,63.11021041870117,2.8541762828826904,0.08188071846961975,5
66,-17.332260344411942,-0.7986290321483479,0.03846491625779992,,,,5
67,-17.358712680689937,-0.7855271009298471,0.037959496373427916,,,,5
68,-17.368029342664705,-0.7834092345271078,0.03903445845365629,,,,5
69,-17.08946508294219,-0.7760097663719338,0.038028440355173464,,,,5
70,-17.006629423661664,-0.7638017147571057,0.03872952265078788,66.1157455444336,2.7604920864105225,0.040217265486717224,5
71,-17.124091734419334,-0.7638666388038156,0.038831594056560545,,,,5
72,-17.293020255082137,-0.755073740765765,0.038695992340196994,,,,5
73,-17.283947278569627,-0.7509062807043115,0.03786777147788789,,,,5
74,-17.00006363275168,-0.7514455051688881,0.038731657408203904,,,,5
75,-16.992710482824098,-0.7530717974776154,0.03879217248755162,63.684261322021484,2.884063482284546,0.03877714276313782,5
76,-17.147384618545747,-0.7430050714866264,0.03864652488276467,,,,5
77,-17.280785723166034,-0.734576697949763,0.03848653673226912,,,,5
78,-16.93307249946194,-0.7352114107225325,0.03816797926458628,,,,5
79,-16.899184141125712,-0.7279473918301242,0.0383633028681657,,,,5
80,-16.93130059925826,-0.7291031333950017,0.03771349753520185,66.80314636230469,2.8587100505828857,0.04911293089389801,5
81,-16.775223050917777,-0.7316593181836856,0.03870710680892991,,,,5
82,-16.52860183899219,-0.7244332528614498,0.038598956442535755,,,,5
83,-16.81005354527827,-0.7223222622504601,0.03876580041833222,,,,5
84,-16.67582199790261,-0.7203227548332481,0.039068057372762297,,,,5
85,-16.491148823624723,-0.7195797450058944,0.03899824586892305,60.05288314819336,2.778700590133667,0.07359735667705536,5
86,-16.69370431833334,-0.7129130480172751,0.03842910627144148,,,,5
87,-16.65674118478815,-0.7094813468572977,0.038143334187358824,,,,5
88,-16.454535809430208,-0.7164999471677767,0.03888615971216215,,,,5
89,-16.478166245080374,-0.7109643679398757,0.0384078900577253,,,,5
90,-16.467094100438633,-0.7056188349957233,0.038172612922474536,64.69818115234375,2.9022061824798584,0.06663673371076584,5
91,-16.374429359302653,-0.7029176808737375,0.03819047379099041,,,,5
92,-16.48518454945171,-0.7004561624326906,0.03815173465511078,,,,5
93,-16.510380144719477,-0.6892750046469949,0.038287234359088686,,,,5
94,-16.1952042529633,-0.6984262066287594,0.03888549294706981,,,,5
95,-16.27104288131207,-0.6971660327244472,0.03793247272520997,68.07884216308594,2.8488998413085938,0.030157677829265594,5
96,-15.995890418132701,-0.6975937456517787,0.038605271591121086,,,,5
97,-15.897350854806966,-0.6955760642365142,0.038468698603003386,,,,5
98,-15.853072532407054,-0.6881738651048886,0.03856217404632093,,,,5
99,-15.541671887977973,-0.6854363021317061,0.038705946871086014,,,,5
100,-15.354850682345303,-0.6827120489173836,0.038676377363060115,76.08688354492188,2.810499906539917,0.05863616615533829,5
101,-15.324144870251208,-0.6938960218763018,0.03842242245751244,,,,5
102,-15.531204677961924,-0.692131211707642,0.03874652963489867,,,,5
103,-15.421433544659115,-0.6930545410076221,0.03870718113726357,,,,5
104,-15.352731874772719,-0.6851324493234808,0.03869334616457353,,,,5
105,-15.117124186529146,-0.6769530006221958,0.038088255213456344,67.57586669921875,2.7765471935272217,0.04363756626844406,5
106,-15.056114790322898,-0.6829514761904737,0.038605880361844924,,,,5
107,-14.912067149068926,-0.6857147058406909,0.03827467212173437,,,,5
108,-14.899884071383443,-0.6768388197972224,0.03834424635160949,,,,5
109,-14.718626775108017,-0.6753714609813023,0.03877504783278735,,,,5
110,-14.675418415269652,-0.675763131855251,0.03894054413271638,69.6546630859375,2.7636094093322754,0.026214417070150375,5
111,-14.901521967007564,-0.6758017873430585,0.038938471642029765,,,,5
112,-14.761489560554077,-0.671961596795729,0.039074896929225514,,,,5
113,-14.571272128111833,-0.6783763286950705,0.03891124710004282,,,,5
114,-14.424851174121136,-0.6711499590973754,0.039644710327192516,,,,5
115,-14.206596692958913,-0.6780927548041711,0.03885172570931849,81.68929290771484,2.761204957962036,0.05569642782211304,5
116,-14.254859655887097,-0.6742358441119427,0.03887280112236634,,,,5
117,-14.253207611870932,-0.659890403280725,0.03904161881818273,,,,5
118,-13.89463647428926,-0.6757229533228841,0.03921025838064668,,,,5
119,-13.768936206410816,-0.6613216850307438,0.03796378519692152,,,,5
120,-13.68043499976605,-0.6656454092972762,0.038595092572415106,63.50394821166992,2.9222025871276855,0.04379117861390114,5
121,-13.521720556112436,-0.6652245279792306,0.03872722071282878,,,,5
122,-13.278469565031411,-0.6674390155952293,0.03870388419185016,,,,5
123,-13.196002652595093,-0.6684039797816244,0.03864619673972207,,,,5
124,-13.17855108201087,-0.6649484409318938,0.038379637311193184,,,,5
125,-12.964615217455616,-0.6661947115317924,0.039268744500497214,74.92032623291016,2.787163019180298,0.034834135323762894,5
126,-12.837814455265766,-0.6619870079147232,0.038653174436397174,,,,5
127,-12.926233910180471,-0.6543858618169398,0.038944216002221706,,,,5
128,-13.010061895930683,-0.6504468092551599,0.03910502288132333,,,,5
129,-12.72788007609494,-0.6614997728721245,0.03874529362330539,,,,5
130,-12.70293457691486,-0.654266169854811,0.038287394678454614,64.73472595214844,2.840420961380005,0.06682773679494858,5
131,-12.591744188662176,-0.6552252977878064,0.0388879676925839,,,,5
132,-12.528313941055245,-0.6487124749830553,0.03907591617223318,,,,5
133,-11.97497627868519,-0.6510735991951468,0.03816564032690717,,,,5
134,-11.719019857736734,-0.662187680081054,0.03872080404031371,,,,5
135,-11.63965354807727,-0.6457125782132982,0.03899205206255135,63.457611083984375,2.8606059551239014,0.07674308121204376,5
136,-11.759523590961537,-0.6526331605611148,0.038769267554805205,,,,5
137,-11.596343310562881,-0.6521832280225687,0.038861705926474886,,,,5
138,-11.590514452307374,-0.659363530732535,0.03953688481653279,,,,5
139,-11.468250113350528,-0.6351490858551505,0.03833406711147017,,,,5
140,-11.1951928247105,-0.6384456678703948,0.0393851325616006,68.94908142089844,2.9734365940093994,0.06186656281352043,5
141,-11.476408018098844,-0.645251826806502,0.03929033660056343,,,,5
142,-11.184530814627667,-0.6512164223444211,0.03918241351595396,,,,5
143,-10.728092949290376,-0.636926906925815,0.03906124316227551,,,,5
144,-10.526629139493396,-0.6288554668426514,0.03871538192098895,,,,5
145,-10.308888204447873,-0.6334781634224045,0.03876051202846261,72.95764923095703,2.8559730052948,0.040954381227493286,5
146,-9.95334744661838,-0.6358890329207574,0.03925452583756011,,,,5
147,-9.784606899414863,-0.6338402278773434,0.03914065634786197,,,,5
148,-9.700195768079558,-0.6325640786777843,0.038404240587179166,,,,5
149,-9.507467680044108,-0.6315112055598439,0.03896502682685175,,,,5
150,-9.359041005164594,-0.6246108537787324,0.03846140398637398,67.97919464111328,2.826024293899536,0.07237325608730316,5
1,0.663647831626028,-3.228694796770603,0.09334080893924082,216.44798278808594,2.019353151321411,0.03695268556475639,6
2,0.6015137219736417,-2.871272043123112,0.07414666404361492,,,,6
3,-0.7621081880313325,-2.916713622691748,0.07239400730566024,,,,6
4,-0.5727233944649619,-2.5964117320059064,0.0630227343026236,,,,6
5,-1.3227631094608248,-2.3330603403436556,0.057282312234238415,130.8866729736328,2.4773194789886475,0.03912961110472679,6
6,-2.2600752237852064,-2.1475674468320567,0.054564582654502945,,,,6
7,-2.066005692364635,-2.018144544813183,0.0512759052542644,,,,6
8,-2.3905231045506947,-1.9039062695069746,0.048492713510612406,,,,6
9,-3.013358724518464,-1.812862775959335,0.04802339458251958,,,,6
10,-3.6608233885071075,-1.75262870915703,0.04616103771995831,77.96161651611328,2.7459347248077393,0.05643992871046066,6
11,-4.820431073437204,-1.6898574941641802,0.04479338657566822,,,,6
12,-5.921398514634245,-1.6244298911594843,0.044134169611819346,,,,6
13,-6.94027303878244,-1.5900537592547757,0.04353955104439096,,,,6
14,-8.183624991170177,-1.5398289740502418,0.04329116349075954,,,,6
15,-9.299616480623925,-1.4891359239191442,0.04256149160779908,83.64476013183594,2.7028043270111084,0.04597664996981621,6
16,-10.60436867458837,-1.4555007194305634,0.041586805403662414,,,,6
17,-11.833204558679274,-1.406994715437189,0.04208981634729861,,,,6
18,-12.817001549514023,-1.3853370993287413,0.04090530040732526,,,,6
19,-13.94307350112008,-1.353966598744159,0.040821576367256106,,,,6
20,-15.055231059347832,-1.3186490560745026,0.04142828838300559,67.80442810058594,2.853196144104004,0.05531953275203705,6
21,-16.308794570135902,-1.295807865116146,0.04055702749809081,,,,6
22,-17.287194092790564,-1.2713835489499818,0.040647239074228216,,,,6
23,-18.767207735068315,-1.252225814165769,0.04033200760938592,,,,6
24,-20.08353924251103,-1.2254714882457174,0.03994769417075115,,,,6
25,-21.67454173514893,-1.1990162259215242,0.040182906220881984,72.61648559570312,2.8156700134277344,0.038190752267837524,6
26,-23.057828194611556,-1.1857621536388263,0.04016019698636202,,,,6
27,-24.13871337483813,-1.16140090835678,0.03943831567535294,,,,6
28,-25.370237875651647,-1.152030959829584,0.039609079089640946,,,,6
29,-26.433948356788473,-1.1250907407773958,0.03959968597204848,,,,6
30,-27.403677696948286,-1.1217754087248049,0.039623717165232955,68.51276397705078,2.783100128173828,0.043880313634872437,6
31,-28.43393292960587,-1.0968339243135252,0.03911151947010751,,,,6
32,-29.60579305428725,-1.0859036795742862,0.039798710755743344,,,,6
33,-30.97733296214284,-1.0762683778376012,0.039463670487951984,,,,6
34,-32.12859309303177,-1.0676614304522534,0.03959556428350873,,,,6
35,-33.27093470513404,-1.0368536685730194,0.0395103757012427,71.07617950439453,2.8236522674560547,0.034984663128852844,6
36,-34.465484314031535,-1.0361617295058456,0.039575112395809145,,,,6
37,-35.06484390138746,-1.0171933007407021,0.038985333302859346,,,,6
38,-35.68820959371287,-1.00345433175147,0.03888413334799396,,,,6
39,-36.506770037270925,-0.9904020882986643,0.03896247402282914,,,,6
40,-37.11188028575657,-0.976446498524059,0.03915349838903526,61.597843170166016,2.8494696617126465,0.04169251769781113,6
41,-37.78330767904962,-0.9714482414138901,0.039090152608452146,,,,6
42,-38.391562685266244,-0.9655340968312084,0.03875004227592291,,,,6
43,-38.84903317564851,-0.9618724009373805,0.03858857865321574,,,,6
44,-39.76358349339945,-0.9499950075482989,0.038966538913717326,,,,6
45,-40.299592958463656,-0.9402146372761759,0.03894253679994051,75.99958801269531,2.832742691040039,0.04594286158680916,6
46,-41.06868109336266,-0.9325944627081597,0.039196246360604474,,,,6
47,-41.41675681000823,-0.9257875956021823,0.03904471009110029,,,,6
48,-41.68133866036688,-0.9098127705233914,0.03856084817675288,,,,6
49,-42.0486591812614,-0.9073767628703084,0.03879585803056566,,,,6
50,-42.40567781875183,-0.8945135670108395,0.038916088656971715,61.540714263916016,2.831981658935547,0.043432965874671936,6
51,-42.83690130793965,-0.8847515699746725,0.038695711824860604,,,,6
52,-43.08261996049147,-0.8781256742410727,0.03858473114148303,,,,6
53,-43.11479344401326,-0.8685804413748788,0.03926971672962491,,,,6
54,-43.181366153530305,-0.8669046588710971,0.03890139322526023,,,,6
55,-42.848514306795344,-0.870161109870964,0.039625201745518854,59.37335968017578,2.826550245285034,0.08823774755001068,6
56,-42.88596099906868,-0.8485737046995363,0.039170538142023904,,,,6
57,-42.75005331906405,-0.8430620640307873,0.03913009647846587,,,,6
58,-42.751133145152274,-0.8344943873532169,0.03924372573741353,,,,6
59,-42.870430829641705,-0.83509329482392,0.03891164752478887,,,,6
60,-43.08736966206477,-0.836354619139558,0.03930304178616384,62.444217681884766,2.8386685848236084,0.05651784688234329,6
61,-43.03750130846784,-0.8244908572910549,0.039424335185138805,,,,6
62,-42.77219840696642,-0.82079952079933,0.039227695875130336,,,,6
63,-42.388906365507964,-0.8177391332346242,0.03937645708178203,,,,6
64,-42.35466435572484,-0.8098405191114733,0.03941798602536946,,,,6
65,-41.88454209841215,-0.8059200973777504,0.03940738609444897,56.923641204833984,2.8849895000457764,0.07509879022836685,6
66,-41.419553780055544,-0.7939513379877264,0.03958229533025435,,,,6
67,-41.27651424674721,-0.8006544546647505,0.039510409681491186,,,,6
68,-41.20032986727628,-0.7931861910786662,0.039091828552732515,,,,6
69,-41.05441982762797,-0.7935033844901132,0.03940452811783635,,,,6
70,-40.66594379931897,-0.7879251466764436,0.03879461313070325,55.9514045715332,2.818258285522461,0.07116749882698059,6
71,-40.287613658638264,-0.7946827294943216,0.039549170952563835,,,,6
72,-39.93705562778286,-0.7805558084607958,0.03901996381313807,,,,6
73,-39.64248447151451,-0.7728146506356193,0.03876524471834145,,,,6
74,-39.19279286244532,-0.778706467235005,0.03868098238359329,,,,6
75,-38.801743233954156,-0.7610444755820961,0.039126811291814056,59.6623420715332,2.837620496749878,0.02734193205833435,6
76,-38.422163343096116,-0.7619945319382461,0.039346888182697805,,,,6
77,-37.97110327473887,-0.7603946865855397,0.03926934128288518,,,,6
78,-37.49424489894947,-0.7582622041235437,0.03906125536716016,,,,6
79,-37.14106116928421,-0.751832011696342,0.03901375247934065,,,,6
80,-37.37685540005877,-0.7494513504988664,0.0393518478954797,49.56848907470703,2.8968660831451416,0.04921213164925575,6
81,-36.752792531793766,-0.7582698235144982,0.03947201668011298,,,,6
82,-36.98176668740653,-0.7480818541733535,0.03917832426902662,,,,6
83,-37.08064674830937,-0.7474868914464137,0.039442535755191965,,,,6
84,-37.07788899561742,-0.7357910296300074,0.03978670890755639,,,,6
85,-36.862774212043604,-0.7336815253837959,0.03918005298608197,49.248069763183594,2.904008626937866,0.0678514912724495,6
86,-36.5631382982214,-0.7334425399353454,0.03900383585100095,,,,6
87,-36.53069215721184,-0.7283041093732927,0.039889792950784826,,,,6
88,-36.000894753249376,-0.7176146840715741,0.03903048380173847,,,,6
89,-35.94049610791507,-0.7206781994212758,0.03939706627507466,,,,6
90,-36.17244731129466,-0.7176974103167341,0.038595966670753344,48.44244384765625,2.9504411220550537,0.057491473853588104,6
91,-36.04789408437022,-0.7217738945167381,0.039177413352511146,,,,6
92,-36.094843444290696,-0.713222283583421,0.03851833965603288,,,,6
93,-36.037638514191954,-0.7127818527755204,0.038654507860749754,,,,6
94,-35.96231808028855,-0.7193883282321316,0.03930351845073429,,,,6
95,-35.672464374062066,-0.7134874050433819,0.03896240641239223,59.38936996459961,2.85412859916687,0.05769182741641998,6
96,-35.59983895041726,-0.7104023319857937,0.03911010118468398,,,,6
97,-35.686857690344326,-0.70112253069044,0.0389063706038637,,,,6
98,-35.24492271463354,-0.702247549603869,0.03883692694476226,,,,6
99,-34.92331528496909,-0.7009218489373481,0.0390356197217284,,,,6
100,-35.08218046335074,-0.7023767624701653,0.03909241338586109,45.491756439208984,2.939584255218506,0.048098787665367126,6
101,-34.74259217135556,-0.6911021412669361,0.03866026271134615,,,,6
102,-34.17657240954313,-0.6962941209753076,0.038646078424306805,,,,6
103,-33.633705395918625,-0.6921399273238815,0.03876678764956867,,,,6
104,-33.671207259584975,-0.6982286593297145,0.03943796347911385,,,,6
105,-33.491384422862446,-0.6944231270076512,0.03942027965957833,45.34375762939453,2.8454482555389404,0.050976790487766266,6
106,-33.34046801320323,-0.6787337106424611,0.039506700207394635,,,,6
107,-33.24822131903855,-0.6804681807964832,0.03831941006913573,,,,6
108,-33.17295027779532,-0.6839198832745319,0.03947389113938214,,,,6
109,-32.997862522418686,-0.687270324546974,0.03933901073723719,,,,6
110,-33.196232183829885,-0.6844238034495107,0.039230769659698635,48.073387145996094,2.9089596271514893,0.0594191737473011,6
111,-32.96600142725698,-0.6796605670368755,0.03904950248819965,,,,6
112,-32.5411676626939,-0.6865944979074118,0.03919679242987316,,,,6
113,-33.059670393283554,-0.6785168814492393,0.039288467463835346,,,,6
114,-32.826609381428966,-0.6754951276979246,0.03902655966430121,,,,6
115,-32.33110571074319,-0.6835586007658419,0.038722829714130894,48.22880935668945,2.988269567489624,0.05744604021310806,6
116,-32.19254115578178,-0.6745650134720169,0.03899246991866014,,,,6
117,-32.13464750943484,-0.6696208507030994,0.0392861621750688,,,,6
118,-31.667810748507094,-0.6750613309286692,0.038990863165785594,,,,6
119,-31.320496939278982,-0.6651949315637975,0.03922219381511368,,,,6
120,-30.91690619341977,-0.675328039622807,0.03988310841882562,45.191593170166016,2.8404347896575928,0.06257875263690948,6
121,-30.91376752786703,-0.6622801060443158,0.039359586258008554,,,,6
122,-30.33643436598611,-0.67477544537791,0.03932893835333782,,,,6
123,-30.162373711179185,-0.6610607867474323,0.03903127330277193,,,,6
124,-29.904590941809275,-0.6600783421443059,0.03906841587822337,,,,6
125,-29.677523392897385,-0.6542293041736096,0.038921574610969296,41.69571304321289,2.891111373901367,0.04916371405124664,6
126,-29.482836036415367,-0.6650925949736909,0.03930054104014241,,,,6
127,-28.960487627482916,-0.6542897491188316,0.0385087084194476,,,,6
128,-28.9465995501805,-0.6590162840756503,0.03852800756263045,,,,6
129,-28.44164346148084,-0.6605358207142437,0.03915231171148745,,,,6
130,-28.282038888731204,-0.6509583613255641,0.03899848190872194,51.137367248535156,2.912501335144043,0.06041982024908066,6
131,-28.316754457833884,-0.650381048242529,0.03893227010502942,,,,6
132,-28.07029708282097,-0.652340042007553,0.03906062495132739,,,,6
133,-27.932317026845226,-0.6568975615334678,0.038946313459517344,,,,6
134,-27.839459767708412,-0.6548874278168578,0.03856617306241883,,,,6
135,-27.475507276041526,-0.646941995287275,0.038733487463575765,43.685543060302734,2.923924684524536,0.033155716955661774,6
136,-27.814481341755474,-0.655113935470581,0.03887669646370036,,,,6
137,-27.79652400950452,-0.6386059297548308,0.03864156597919137,,,,6
138,-27.49427958301731,-0.6447620325155191,0.03886667631038992,,,,6
139,-27.54919940608365,-0.6465913615860306,0.03841370390728116,,,,6
140,-27.353120938881293,-0.6421023298810412,0.03883466203990099,43.71711349487305,2.8814034461975098,0.06534817814826965,6
141,-27.19375784580524,-0.6376733929960878,0.03844745302820331,,,,6
142,-26.93570696890771,-0.6397969972837222,0.03898393753688079,,,,6
143,-27.04473431960686,-0.6483934359116987,0.038380673632247155,,,,6
144,-26.98904338583246,-0.636970458330808,0.03846409806161077,,,,6
145,-26.835523393604305,-0.6444496374863845,0.039441139649736556,58.424739837646484,2.9211502075195312,0.04400009289383888,6
146,-26.922254742442313,-0.6377538467620636,0.03867081701397323,,,,6
147,-26.697480046665753,-0.6412810962516945,0.03934862143588024,,,,6
148,-26.67243443502413,-0.6413462728887172,0.038490523727467425,,,,6
149,-26.446972203421424,-0.6368136789415266,0.03912611574038759,,,,6
150,-26.52898925000971,-0.6362743244304524,0.039133425935503695,45.8629035949707,2.8881585597991943,0.0781552866101265,6
1,0.13485019652407382,-3.356690469803614,0.0950092497262192,217.4593505859375,2.131721258163452,0.03912542015314102,7
2,-1.868705725132885,-2.9433303256551704,0.07658128633482994,,,,7
3,-1.446293806439018,-2.8455278265934725,0.07415252307208477,,,,7
4,-2.4802072958148025,-2.4547060241440795,0.06311468232481682,,,,7
5,-4.393864769071757,-2.2108474453012428,0.05741797364642518,118.88424682617188,2.5641047954559326,0.05832444503903389,7
6,-5.601200036652438,-2.069100044198803,0.05536889396705567,,,,7
7,-6.7299468600666605,-1.9823355947757935,0.05182533773880165,,,,7
8,-6.297582704704125,-1.9211992444275143,0.05096355273218995,,,,7
9,-6.170223334660897,-1.8208533052381102,0.04920740804465657,,,,7
10,-6.642901838555202,-1.7596613149959723,0.04787915728341501,81.57939910888672,2.752406120300293,0.06718114018440247,7
11,-7.843844498579319,-1.699383494528857,0.04725483686083576,,,,7
12,-8.908314486066779,-1.6497807911225966,0.04537341751034495,,,,7
13,-9.79950517165911,-1.596236918772851,0.04448998628112559,,,,7
14,-11.02010960220457,-1.567215282183427,0.04448340044982106,,,,7
15,-12.216730399565263,-1.5314861677743339,0.04382999258610856,72.31037139892578,2.770176887512207,0.043393515050411224,7
16,-13.323126507805778,-1.4753809458725935,0.04258760671176902,,,,7
17,-14.613606382916858,-1.4369378431693658,0.04225951355354456,,,,7
18,-15.697149308411392,-1.4172826480198573,0.04157054187547598,,,,7
19,-16.362745108304324,-1.3790096227939312,0.041284327849524315,,,,7
20,-17.566706907499086,-1.3548398759815243,0.04115650892726608,83.70694732666016,2.8118515014648438,0.05070700868964195,7
21,-18.523706482006954,-1.3229264387717614,0.04118119523912616,,,,7
22,-19.493490389177015,-1.2994491987295085,0.04064678109960852,,,,7
23,-20.114271687460946,-1.2754544978375202,0.03998914917839782,,,,7
24,-20.839587116574908,-1.2582252359056807,0.040090692553578035,,,,7
25,-21.400524854660034,-1.2372671007276415,0.03990685176169435,72.17361450195312,2.7657310962677,0.06910858303308487,7
26,-22.003254550320285,-1.2145214314227337,0.0394330500328744,,,,7
27,-22.51078152990008,-1.2050009073911014,0.03941949480538862,,,,7
28,-23.229478117469306,-1.1738478753950212,0.038936571446019454,,,,7
29,-24.281876220569742,-1.1532944399160105,0.039527184808613745,,,,7
30,-25.04776950482722,-1.1345855289405875,0.0390679102954357,80.74150085449219,2.883772373199463,0.06515612453222275,7
31,-25.664479565787147,-1.124975224474927,0.0390677283130508,,,,7
32,-26.19262428883906,-1.0941339356082302,0.038389403346952025,,,,7
33,-26.72363991670675,-1.085755838380827,0.03772919552915215,,,,7
34,-27.119323482046592,-1.0726588906108083,0.03779313424716124,,,,7
35,-27.72864071305815,-1.0586523359472102,0.03871124133246241,70.72804260253906,2.8194754123687744,0.06802844256162643,7
36,-28.230424582541406,-1.0539995206819548,0.0381583296872962,,,,7
37,-28.77120336285838,-1.0440600285163293,0.038350750273744856,,,,7
38,-29.444596275583013,-1.036735101179643,0.038409665108078736,,,,7
39,-29.970995891344298,-1.0180249997785875,0.037998226321452146,,,,7
40,-31.00729375285702,-0.9922451572818356,0.037821940025900835,68.55650329589844,2.8826160430908203,0.051458511501550674,7
41,-31.597736026857284,-0.9860381496536148,0.0377188617073755,,,,7
42,-31.77183421174963,-0.9734859683296897,0.03815744476314712,,,,7
43,-32.43487489807022,-0.9639486632980667,0.038042152407937325,,,,7
44,-32.88449914472086,-0.9512078345238746,0.03760114220179409,,,,7
45,-33.37830445816467,-0.9387300481329431,0.037856028926513206,69.5743637084961,2.761971950531006,0.040962256491184235,7
46,-33.63566254068922,-0.9374157548784376,0.03765317524125526,,,,7
47,-34.23236825749591,-0.9287542879998267,0.03782887466518873,,,,7
48,-34.80660989734676,-0.9209761852984661,0.03740594833535696,,,,7
49,-35.043925965582574,-0.9127034007252514,0.03825997029043656,,,,7
50,-35.44709897874952,-0.8943739537592534,0.038065244744115,71.54846954345703,2.7735471725463867,0.051343176513910294,7
51,-36.093020699240945,-0.8968841512720068,0.03775257876768083,,,,7
52,-36.70814784590181,-0.8864354853863483,0.0384424319181435,,,,7
53,-37.09686939866393,-0.873647936574229,0.03791978895188785,,,,7
54,-37.67386787254494,-0.8687203747409207,0.03806653326715936,,,,7
55,-38.05505172022573,-0.8581810431046919,0.038272138891767685,62.40536117553711,2.8133463859558105,0.05860350281000137,7
56,-38.60048925626528,-0.8582500544461337,0.0381466163553532,,,,7
57,-39.05297538117095,-0.8518505963412198,0.037691686807161236,,,,7
58,-39.32469757120092,-0.8403825926613975,0.037476871862773084,,,,7
59,-39.673839595768,-0.8450459400257031,0.037703932652093625,,,,7
60,-40.23083947921966,-0.8430726278078305,0.037850103481067016,62.04431915283203,2.880760669708252,0.04294486716389656,7
61,-40.465402549797005,-0.8390311427883335,0.0376107488120613,,,,7
62,-40.683957800164926,-0.8285753410179298,0.038168341374037774,,,,7
63,-40.84414604493788,-0.826359015244704,0.037675990014812435,,,,7
64,-40.99917579530836,-0.8343947450597803,0.03835013075699131,,,,7
65,-41.46324574197089,-0.8213800917138586,0.03819851962836472,64.49727630615234,2.9611077308654785,0.06621284782886505,7
66,-41.653661757916005,-0.8286107069962508,0.03837701570001672,,,,7
67,-41.86189360718627,-0.8205780149339796,0.038549556177096454,,,,7
68,-42.23217393968489,-0.8203926519914106,0.03870443662569917,,,,7
69,-42.43407340483232,-0.817684096889896,0.03832296720197932,,,,7
70,-42.552690472636186,-0.8057274918456178,0.037996644973168736,61.41896057128906,2.794964551925659,0.045760396867990494,7
71,-42.66850081023637,-0.8089333214126266,0.038139794656837527,,,,7
72,-42.756518167215624,-0.7985409623259431,0.03812508376875332,,,,7
73,-42.771796376555116,-0.7960726064401906,0.038211209206171076,,,,7
74,-42.83526932442938,-0.7884048782028519,0.037979844184201604,,,,7
75,-42.340114263387825,-0.7871442374649581,0.037827745088135134,52.962032318115234,2.813565492630005,0.03354736417531967,7
76,-42.32700386580888,-0.7909208544484385,0.038085291885047945,,,,7
77,-42.29780720997523,-0.7972019635714017,0.03852841443662251,,,,7
78,-42.28325427662242,-0.7831981398842551,0.03803505386401723,,,,7
79,-41.89177316719002,-0.7854047455154098,0.03865293678957839,,,,7
80,-42.03353229269281,-0.7918871165989162,0.03837725325891344,57.539466857910156,2.91316294670105,0.061300426721572876,7
81,-42.0986597821429,-0.7867509201690034,0.03836271109163657,,,,7
82,-42.099981181271424,-0.7755554172542546,0.0384246774857955,,,,7
83,-41.794522488867486,-0.7776957425204191,0.03891340389821704,,,,7
84,-41.560294774862435,-0.7768130269083944,0.03847923611495904,,,,7
85,-41.34783524399871,-0.7716118372403659,0.039035250874027816,55.49277877807617,2.914039373397827,0.0583767332136631,7
86,-41.140022774676346,-0.766184683446284,0.03861705749946927,,,,7
87,-41.1704472795233,-0.758709120583701,0.038213071152828376,,,,7
88,-40.6854861466201,-0.762153898919379,0.038797916054816826,,,,7
89,-40.53001873643248,-0.7626096251961234,0.03953786937591548,,,,7
90,-39.97536722263256,-0.7586186182248843,0.03852746163012942,57.70573043823242,2.9075236320495605,0.06234296038746834,7
91,-39.757678645474094,-0.7597179913020634,0.03858740987920469,,,,7
92,-39.32920892755468,-0.7708956645085261,0.03809413463821622,,,,7
93,-39.15070982246132,-0.7706009257923473,0.03870131362919937,,,,7
94,-38.81054024262862,-0.7569908962383137,0.03876983801918951,,,,7
95,-38.32640720247389,-0.7697863011927037,0.038478817225766036,54.926353454589844,2.8764853477478027,0.047360893338918686,7
96,-37.67665558928376,-0.7435699309502448,0.03865357380607849,,,,7
97,-37.96346991879123,-0.755030695375029,0.039100870872697945,,,,7
98,-37.85625702184397,-0.7577742830023065,0.038573755771963744,,,,7
99,-37.562412051887776,-0.7692193584842282,0.0386208993304599,,,,7
100,-37.241959461799034,-0.7480078877268971,0.03837232421139268,54.119606018066406,2.823765516281128,0.04562662914395332,7
101,-37.419684933615734,-0.7535592592679538,0.03858189673449557,,,,7
102,-37.04247737431026,-0.7531806505643405,0.03818934507036282,,,,7
103,-36.656645934898535,-0.7545352082152467,0.038422931749308546,,,,7
104,-36.55092722886092,-0.7551508883496264,0.039210289506684544,,,,7
105,-36.362684746722245,-0.7496286088770087,0.038917230536601136,53.24901580810547,2.8587071895599365,0.08994622528553009,7
106,-35.73915903885048,-0.7514593101047969,0.038910265149014606,,,,7
107,-36.0233202330716,-0.7534703674849931,0.0384056030795421,,,,7
108,-35.664728511463515,-0.7457814700119979,0.03878008068695508,,,,7
109,-35.50122919449439,-0.7398663150680649,0.038558309691000756,,,,7
110,-35.41870622534852,-0.7364124668228043,0.039045822969474994,51.105552673339844,2.903210401535034,0.046933434903621674,7
111,-35.49193678202329,-0.7481520175933838,0.03862748034640339,,,,7
112,-35.32651291026936,-0.7486172139227807,0.03873119615441696,,,,7
113,-35.430855891087674,-0.7332631924769262,0.0383091757751324,,,,7
114,-35.020481339701405,-0.7361176664179022,0.0386128545742013,,,,7
115,-34.79110446843234,-0.7393773885873648,0.038882002130255,50.16106033325195,2.901829481124878,0.06304624676704407,7
116,-34.488861709207924,-0.7326271283876645,0.039402185144697455,,,,7
117,-34.40259234054939,-0.7178803173812119,0.038267452992707285,,,,7
118,-34.258534966648874,-0.7319541894472562,0.03891124670439354,,,,7
119,-34.26146014420303,-0.7355987342087539,0.03895379547062297,,,,7
120,-34.15708435332025,-0.7378989132967863,0.03840833838534105,52.196327209472656,2.92341685295105,0.057773470878601074,7
121,-33.28370539791934,-0.7298403653231534,0.038703148709154214,,,,7
122,-33.81108698144659,-0.7278713896558001,0.039254224364209424,,,,7
123,-33.46498069563112,-0.7203149862222739,0.03814394920054901,,,,7
124,-33.34329984905003,-0.7248667420207203,0.03893137869418605,,,,7
125,-33.043393907013474,-0.7060167639405577,0.03833636715096402,52.893341064453125,2.929649829864502,0.056010015308856964,7
126,-32.55061747144152,-0.7212723585275503,0.03875066158589679,,,,7
127,-32.3288436969677,-0.714639313571103,0.038358264122405776,,,,7
128,-32.04812601396254,-0.7143884922240997,0.038564395299506976,,,,7
129,-31.438210477362144,-0.7232362056945587,0.03834167534934839,,,,7
130,-31.26528221743924,-0.7221502674209488,0.03859282229453898,49.56715774536133,2.902733325958252,0.06683991849422455,7
131,-30.557935436288794,-0.7199991933115713,0.038582316075510284,,,,7
132,-29.908731295512272,-0.7201548723074106,0.038374717633884683,,,,7
133,-29.340013494024742,-0.7107568170640852,0.037860682703085714,,,,7
134,-29.072987046275106,-0.7108854513901931,0.0391452753821948,,,,7
135,-28.229352474212646,-0.7122306373569515,0.03850731351152323,47.79633712768555,2.9115054607391357,0.04190156236290932,7
136,-28.190235204629964,-0.7133800816702676,0.03902118572626601,,,,7
137,-27.986284267652284,-0.7001809857108376,0.039226178229636664,,,,7
138,-27.744919118347703,-0.7049489521480107,0.038273158252004766,,,,7
139,-27.341034429056663,-0.7155631472180773,0.03832708432182826,,,,7
140,-26.923379317863837,-0.7201361906278384,0.0394241002183147,52.44102096557617,2.997938871383667,0.04703816771507263,7
141,-26.965298617636407,-0.7035459471749259,0.03873345427625402,,,,7
142,-26.86084573418944,-0.7096098736449555,0.039221997003207776,,,,7
143,-26.39941376405996,-0.7038827059152243,0.039472965017234636,,,,7
144,-26.454373653118427,-0.7000377128174254,0.03787687209017992,,,,7
145,-26.000566876017963,-0.7014338336624466,0.038357571584752184,43.84785842895508,2.9145820140838623,0.08878208696842194,7
146,-25.740763280775163,-0.6984895992945958,0.03828062244423932,,,,7
147,-25.764283865481822,-0.7020730938944784,0.038866478824414886,,,,7
148,-25.668990183543492,-0.6950276781629016,0.038881777813397606,,,,7
149,-25.103978602202623,-0.6955122747621336,0.03880297960843761,,,,7
150,-24.47282340643289,-0.7005966810079721,0.03843429216209773,45.30378723144531,2.953437089920044,0.07817807793617249,7
1,2.376404141077537,-3.2229200535408267,0.09331699968413353,224.46031188964844,1.9999946355819702,0.027972925454378128,8
2,0.3273154164556987,-2.849548674963571,0.07682361244061194,,,,8
3,-2.1126560476312246,-2.8153427319301594,0.07215365683790166,,,,8
4,-3.9946530315686357,-2.525293915317609,0.06512727496911075,,,,8
5,-6.669029705174319,-2.2554781589057895,0.05892759646367204,124.80264282226562,2.5565216541290283,0.04592156782746315,8
6,-7.935541237984504,-2.0937032266096636,0.05596038547077483,,,,8
7,-8.268193493356238,-1.9634435206026464,0.05316871101153897,,,,8
8,-8.925551603307257,-1.871812543668947,0.05064352988786475,,,,8
9,-9.820505145129625,-1.7719546323055988,0.04897603637317417,,,,8
10,-10.606400476469027,-1.7048304164326273,0.0479775238358839,85.20496368408203,2.684161901473999,0.036287181079387665,8
11,-11.308486529997179,-1.6262527570857868,0.046663046085073816,,,,8
12,-12.200544480677252,-1.5786483137757628,0.04595073122674456,,,,8
13,-13.257643234479678,-1.5139852712204407,0.0445181822120961,,,,8
14,-13.85169280742432,-1.4707361359696287,0.0441118040385858,,,,8
15,-14.703720803027386,-1.4306673311687017,0.04255495038717152,70.59376525878906,2.73323130607605,0.07246477156877518,8
16,-15.75034383877174,-1.3957650403042774,0.04249075795458695,,,,8
17,-16.38186880008324,-1.363428104173887,0.041960230500964854,,,,8
18,-16.778036407657435,-1.3304911510094062,0.04111682052782678,,,,8
19,-16.760822675444864,-1.2881427561486518,0.041257868205047364,,,,8
20,-17.120239988073603,-1.2724592052139603,0.04073794625399934,68.79222869873047,2.8054840564727783,0.05929024890065193,8
21,-17.94345995762965,-1.2386278430898707,0.040131750918755475,,,,8
22,-18.558054932347545,-1.2232968507113156,0.039744780820605535,,,,8
23,-18.86830728037374,-1.2027127909493613,0.03914163985869268,,,,8
24,-19.432138719758786,-1.1652575822976918,0.03866650419752602,,,,8
25,-19.811054518172792,-1.1650299292344313,0.03923695784882753,67.43631744384766,2.8683454990386963,0.04459172114729881,8
26,-20.307752492544534,-1.128462264587829,0.038554808066285154,,,,8
27,-20.82570037308273,-1.1388905631912338,0.03884327217571802,,,,8
28,-21.28869589392122,-1.1154765982727903,0.037849905130525045,,,,8
29,-21.981830630269084,-1.094012003678542,0.03829261794575601,,,,8
30,-22.48561078851873,-1.0817686844538976,0.03798051436604294,68.90558624267578,2.7390904426574707,0.06324305385351181,8
31,-23.32365216408576,-1.059109167619185,0.03824401336031725,,,,8
32,-23.88942681826078,-1.0520489415922365,0.03839398094394303,,,,8
33,-24.50662226443524,-1.035466147469474,0.03773135188608789,,,,8
34,-25.04540591640072,-1.025189608127087,0.037577329135102616,,,,8
35,-25.537779491264505,-1.021276022170807,0.038455432389172484,63.0984001159668,2.7461934089660645,0.05377581715583801,8
36,-25.85371119159085,-1.0093046385091502,0.03799540021495854,,,,8
37,-26.77256929791057,-0.9943163478291118,0.0378047176929829,,,,8
38,-27.453284408662704,-0.9938690078842056,0.03760470829617519,,,,8
39,-27.841382308439776,-0.9819814358557855,0.0380857294650058,,,,8
40,-28.493491464561515,-0.9718052890750911,0.03741745482006768,67.81368255615234,2.7910799980163574,0.05248647183179855,8
41,-28.89675655231609,-0.9644262607281024,0.037771093703063946,,,,8
42,-29.30818901862298,-0.9472419482011062,0.03782336918923717,,,,8
43,-29.79372885510638,-0.9329377087679777,0.037876192747348256,,,,8
44,-30.223845711954823,-0.936196635653089,0.037451152824894425,,,,8
45,-30.430200350034486,-0.9192702686870015,0.03757843000885959,59.145042419433594,2.8270113468170166,0.05021762475371361,8
46,-30.929037490924756,-0.9222097430195841,0.03743896960489244,,,,8
47,-31.516090488100385,-0.9171566279618056,0.03807709109806619,,,,8
48,-31.941435615499536,-0.9136990117026376,0.037346545758272905,,,,8
49,-32.137952357739,-0.904498743844199,0.03740958564986403,,,,8
50,-32.55110499908874,-0.8875722051500441,0.03757598769681698,59.75435256958008,2.8705549240112305,0.043792642652988434,8
51,-32.899673336869355,-0.8784515307499812,0.03811355911592556,,,,8
52,-33.441190124391674,-0.879196983950955,0.03802870055074458,,,,8
53,-34.104383255218295,-0.8653594497200492,0.03814314107306406,,,,8
54,-34.641997564089046,-0.8666075493072296,0.0377867801352632,,,,8
55,-35.067101858712576,-0.8589591479801632,0.03788183065509046,59.50324249267578,2.793975591659546,0.05193289741873741,8
56,-35.54471935925784,-0.8508255164940041,0.037583359688116644,,,,8
57,-35.75810620501325,-0.8511742111686227,0.03779892898750837,,,,8
58,-36.15421345517352,-0.838541047556417,0.037531939571254426,,,,8
59,-36.55080041685304,-0.8368422801677997,0.03765541924346056,,,,8
60,-36.87172940060809,-0.8313748453046892,0.03762502543843137,61.00838088989258,2.830394744873047,0.054276734590530396,8
61,-36.989079978916195,-0.8230905399455891,0.03707051179143828,,,,8
62,-37.30829156195367,-0.8189443941716548,0.03725941379235445,,,,8
63,-37.65448833345533,-0.8170319703909067,0.03822845009878486,,,,8
64,-38.10911198929473,-0.8105743848360502,0.037545005100538265,,,,8
65,-38.45876920139873,-0.8081377769683624,0.03736511375950454,58.46554946899414,2.7804791927337646,0.05144582316279411,8
66,-38.777796451862045,-0.8081113241769217,0.03756697386848395,,,,8
67,-39.058240153572775,-0.7951455783177089,0.03733291038657193,,,,8
68,-39.458989086684646,-0.8019876413412027,0.037429732545702296,,,,8
69,-39.550234801285754,-0.7900559185268162,0.0371254074331894,,,,8
70,-39.813842830124436,-0.7830445049525975,0.03740553749184665,55.842979431152344,2.9197983741760254,0.08035082370042801,8
71,-39.985843371678065,-0.7847737332324048,0.037980590227314016,,,,8
72,-40.336500888104204,-0.7720935928238022,0.037991087278025554,,,,8
73,-40.20896119004363,-0.7731288729847728,0.037796696963869815,,,,8
74,-40.39854115706224,-0.7709571564947808,0.03767919952336412,,,,8
75,-40.784263490796924,-0.7604082881153881,0.03733784475500559,58.96564483642578,2.835265874862671,0.05448872596025467,8
76,-41.10005405399349,-0.7621124407628199,0.03760267589469212,,,,8
77,-41.21899163973082,-0.7577729425230226,0.03717093490604702,,,,8
78,-41.368615213807644,-0.7585511841140427,0.0375239524804707,,,,8
79,-41.64769943277319,-0.7617029276761141,0.037473516551764695,,,,8
80,-41.65903043746948,-0.7606970280200451,0.03738242815170515,57.91846466064453,2.8686587810516357,0.07475204020738602,8
81,-42.12719114343603,-0.7514570643018176,0.037450590625183876,,,,8
82,-42.38880561948656,-0.7551859875659009,0.03753164517400148,,,,8
83,-42.626696776676845,-0.7400959888538281,0.03786270070814534,,,,8
84,-43.16832821185772,-0.7423844137391844,0.03760472067364758,,,,8
85,-43.39023320324771,-0.7358640490711986,0.03750911328804816,61.31886672973633,2.893948793411255,0.04634936898946762,8
86,-43.48429460792275,-0.7345010484015191,0.03744224758681978,,,,8
87,-43.992296225541125,-0.731296105818315,0.037292021543269493,,,,8
88,-44.12161601340021,-0.7299304441972212,0.03782048409518141,,,,8
89,-44.32369228176304,-0.7245015497807856,0.038402671305384564,,,,8
90,-44.317485529226026,-0.7204122209882403,0.037891553219902764,50.44657516479492,2.8511013984680176,0.04860459640622139,8
91,-44.75844604985697,-0.7221297784285112,0.0374414750352059,,,,8
92,-45.05984063581987,-0.7226135280582454,0.03769910202843586,,,,8
93,-45.1000291450874,-0.7103209662270713,0.03768289592638091,,,,8
94,-45.25221048034988,-0.7096032696170407,0.03752060176583229,,,,8
95,-45.41933442829372,-0.7127306544697368,0.037471504888490784,48.75804901123047,2.8905141353607178,0.042779698967933655,8
96,-45.587766890759234,-0.7164823125292371,0.03756206970127834,,,,8
97,-45.631381218249984,-0.7049203285804162,0.03738529609607442,,,,8
98,-45.71954298352862,-0.7017507453064818,0.03747456228536378,,,,8
99,-46.043269500865804,-0.7007568399389307,0.03780183653588166,,,,8
100,-46.47274620549662,-0.6953931855155038,0.03759633913844616,49.934383392333984,2.8083667755126953,0.04591310769319534,8
101,-46.289153525879335,-0.7004319837876967,0.03784746939309879,,,,8
102,-46.62705175359766,-0.6912897650178496,0.03749833058344422,,,,8
103,-46.71986761626664,-0.6891034833201162,0.03781710589024519,,,,8
104,-46.72142999488991,-0.6927310470100883,0.03755417368798093,,,,8
105,-46.73463036463811,-0.6848461677978089,0.037517439731937295,44.87574005126953,2.8812501430511475,0.05038974806666374,8
106,-46.81622847977218,-0.6820804489242447,0.03781227907979978,,,,8
107,-47.12266455830394,-0.6754864545968863,0.03745173403856481,,,,8
108,-47.275971929510156,-0.6827312649546803,0.037524518617135766,,,,8
109,-47.44384271114856,-0.6737125803540637,0.03746658039337897,,,,8
110,-47.45964552805974,-0.673194568473976,0.03756420571728238,48.9422721862793,2.9116172790527344,0.06322471797466278,8
111,-47.40274436323793,-0.6647156868781243,0.03755116230365332,,,,8
112,-47.35209789142742,-0.6741507103393128,0.03837417084984221,,,,8
113,-47.41726548188216,-0.6707546560914366,0.0371579447455079,,,,8
114,-47.47780604795976,-0.6672057805361448,0.037640036420792444,,,,8
115,-47.78181515873729,-0.6725575640485003,0.0374538310611347,53.50090789794922,2.8616442680358887,0.06342967599630356,8
116,-47.96058551414863,-0.6645318211375416,0.03754470703498154,,,,8
117,-47.915095622722916,-0.674152654367727,0.03759495814337389,,,,8
118,-47.77026437879442,-0.6632925913884089,0.03790943438376111,,,,8
119,-47.72216632816341,-0.6639799271430169,0.03778041022751558,,,,8
120,-47.81862253909345,-0.6597543029518395,0.03745961652489027,48.08416748046875,2.866739273071289,0.03500387817621231,8
121,-47.5586824650531,-0.6585069369602871,0.03749354021506501,,,,8
122,-47.60389934553133,-0.6663199538117522,0.03798587646879178,,,,8
123,-47.44871064832994,-0.6590997522527521,0.03715260028252964,,,,8
124,-47.59474072756467,-0.6573196557851938,0.03771748884020933,,,,8
125,-47.47250871391563,-0.6570499226763532,0.037266113914197666,52.77189636230469,2.9134721755981445,0.049944229423999786,8
126,-47.54313803386022,-0.6515669289168778,0.03734600838189098,,,,8
127,-47.74250596053117,-0.6520417820323597,0.037082794241255504,,,,8
128,-47.9275274610186,-0.6512115318458397,0.037595247605594094,,,,8
129,-48.08646024690641,-0.6562831485188091,0.03827898805778656,,,,8
130,-47.87527301094749,-0.6513285270104041,0.03781291169368408,47.74045944213867,2.8433284759521484,0.06169193983078003,8
131,-47.89683040205416,-0.6422312509763491,0.03741105000807585,,,,8
132,-48.17593393125734,-0.6456886571604055,0.03790051820264621,,,,8
133,-47.67905570743801,-0.6426671668366118,0.03719841639211701,,,,8
134,-47.616811922380144,-0.6425700587826175,0.037093268710650974,,,,8
135,-47.710892784011946,-0.6405282354021405,0.03737503908235918,48.10067367553711,2.894573926925659,0.06601666659116745,8
136,-47.42662187056108,-0.6427801172216455,0.03728743710301139,,,,8
137,-47.60049986339116,-0.6339501200856029,0.03714789774828962,,,,8
138,-47.59634634498116,-0.6431986935488827,0.03706723503553523,,,,8
139,-47.41337709160118,-0.6403473340548002,0.03744501204041022,,,,8
140,-47.47128031470559,-0.6362203351267568,0.037061301572899615,50.29464340209961,2.904104709625244,0.03742995858192444,8
141,-47.434571983097314,-0.6336640144561554,0.03762569466371324,,,,8
142,-47.44002526956838,-0.6323404812312626,0.0372594979288825,,,,8
143,-47.12569199742137,-0.6324901580810547,0.03789562999980746,,,,8
144,-46.872653564373095,-0.6289669883834732,0.03820592088142892,,,,8
145,-46.88228523814595,-0.6265036276170424,0.037323205542939525,44.42828369140625,2.9557056427001953,0.07254121452569962,8
146,-46.67673508437363,-0.6286978488201862,0.03775282337988069,,,,8
147,-47.04788793883957,-0.6235666074952879,0.037885898489739514,,,,8
148,-46.77170735806018,-0.6222453250751628,0.03735232497304938,,,,8
149,-46.777442835427664,-0.6188884081540408,0.03678090464962008,,,,8
150,-46.7640579897207,-0.6286079833557555,0.037306146657133436,48.7354621887207,2.897726535797119,0.03473987802863121,8
1,2.435584709745135,-3.3024816111876416,0.09345654836185016,217.979248046875,2.1080734729766846,0.017942233011126518,9
2,0.09113763788246088,-2.8732367611223166,0.07455712803672035,,,,9
3,0.05320427432767005,-2.6661337049274176,0.06687407185147692,,,,9
4,-1.4057582557084156,-2.3020953773618578,0.059876570377134154,,,,9
5,-2.6294642260780074,-2.0844607287561976,0.05503844166943035,98.2052230834961,2.5545899868011475,0.027265653014183044,9
6,-2.441809766154111,-1.9811710835128398,0.052623287829980776,,,,9
7,-3.5169380725315817,-1.8838451393209137,0.05002400521644867,,,,9
8,-4.5430204003424075,-1.8077961655555073,0.04823261467655274,,,,9
9,-6.034266156124902,-1.7334865685943124,0.046224429159770375,,,,9
10,-7.45506565137343,-1.671959140917638,0.04544067547910593,77.95726013183594,2.705758810043335,0.0525960773229599,9
11,-8.841806557628658,-1.6308798489870724,0.04512816853170003,,,,9
12,-10.113554519790036,-1.5744052520998708,0.044258349617435175,,,,9
13,-11.171103140690944,-1.5309303565458818,0.043953820664136035,,,,9
14,-11.752091994652382,-1.4916193301861103,0.043719445614118155,,,,9
15,-12.527882323398456,-1.4483405885162888,0.04313523646027267,70.37662506103516,2.8253700733184814,0.0550956055521965,9
16,-12.819327486978544,-1.3957159577549754,0.04209886447337645,,,,9
17,-12.949362979902254,-1.372443189154138,0.04147285257361934,,,,9
18,-13.696540390694892,-1.3193601611610892,0.04212392111458666,,,,9
19,-14.192531232233648,-1.290302704264234,0.0410624409462423,,,,9
20,-14.315867794977201,-1.2628071833323766,0.04187615905315257,65.37687683105469,2.880582809448242,0.05089295282959938,9
21,-14.549136847882838,-1.224995748980062,0.04084111702745663,,,,9
22,-14.602650744931681,-1.2090306315388712,0.04011084743404201,,,,9
23,-14.510604158981696,-1.1843277215957642,0.0407691709648401,,,,9
24,-14.243147926730709,-1.1676354058138974,0.04017849225335969,,,,9
25,-14.370632621791813,-1.152727132910615,0.04005035182780267,73.50149536132812,2.7860889434814453,0.06377916783094406,9
26,-14.491118237688825,-1.123553692044078,0.039734705753455106,,,,9
27,-14.391887682301181,-1.1160466237501665,0.03998507520385816,,,,9
28,-14.144861789016456,-1.093930030202532,0.0392250322958233,,,,9
29,-14.022943538385672,-1.080924897760778,0.03931906556717114,,,,9
30,-14.2575995188493,-1.0720815025009476,0.03942513160596413,70.99240112304688,2.8364620208740234,0.0510677732527256,9
31,-14.702059328972876,-1.0540026084526435,0.039231144725442764,,,,9
32,-15.173018909834482,-1.0454763090693868,0.039248692031324535,,,,9
33,-15.146047647182758,-1.0311613349647788,0.03935108587334675,,,,9
34,-15.115168880749415,-1.0195110085960868,0.039554003839400574,,,,9
35,-15.063796754483576,-1.0043609500764967,0.038981993990409726,65.76407623291016,2.8320083618164062,0.055585186928510666,9
36,-15.404126377372474,-0.9873237259738095,0.03834433645381221,,,,9
37,-15.499652578280521,-0.9759113505170062,0.039071111168087154,,,,9
38,-15.698062360703528,-0.9640514217056595,0.03885419655695453,,,,9
39,-16.209733946340066,-0.9437314822123601,0.03854182620135533,,,,9
40,-16.320365498115965,-0.9495051115542859,0.03847366873292135,68.1162338256836,2.8704936504364014,0.045934148132801056,9
41,-16.52160134265473,-0.9421509045820969,0.03833507543097582,,,,9
42,-16.814745350317523,-0.9277198014559446,0.03876019853421233,,,,9
43,-17.1999077955326,-0.9247238402600055,0.038942118468401316,,,,9
44,-17.401717667813067,-0.9161723176916162,0.03856750188388868,,,,9
45,-17.703126102060704,-0.9033521705574089,0.03897061438700249,61.54587173461914,2.853827953338623,0.06992824375629425,9
46,-18.396945703279723,-0.8853638789036891,0.038223104787521535,,,,9
47,-18.368661545373342,-0.8871181711450323,0.03895325548751475,,,,9
48,-18.41132710196755,-0.8775378924149734,0.038979970226455087,,,,9
49,-18.53855422493461,-0.8708300373770974,0.03848269222128381,,,,9
50,-18.75752542068908,-0.8734096997267716,0.03906087984715204,62.300228118896484,2.8337457180023193,0.04386896640062332,9
51,-18.762906538022982,-0.8620480307332286,0.039210034040994685,,,,9
52,-19.083332478583277,-0.8557114251010067,0.03914906886093631,,,,9
53,-19.490169925289553,-0.8625875519705819,0.03907067509420164,,,,9
54,-19.764836139612264,-0.8441828697711438,0.03877175172751809,,,,9
55,-19.966063716194846,-0.838366395110017,0.03955621169261322,54.314064025878906,2.926957130432129,0.061143819242715836,9
56,-20.110960011715655,-0.839053442428162,0.03870869015988249,,,,9
57,-20.202218014043527,-0.8293405729573924,0.03840358617676461,,,,9
58,-20.468625550503496,-0.8223010610033582,0.03903985646931077,,,,9
59,-20.61736352627094,-0.8133769118702495,0.03847361268912006,,,,9
60,-21.093777146372762,-0.8076385251291982,0.03921960405940255,62.61913299560547,2.8143320083618164,0.029287278652191162,9
61,-21.504530811643267,-0.799697067354109,0.03890039245728273,,,,9
62,-22.052285804615153,-0.801304825536021,0.03880184697202192,,,,9
63,-22.634191753147366,-0.7872119766848904,0.038821686358822806,,,,9
64,-22.79350692408902,-0.7859963953911842,0.03835828584241127,,,,9
65,-22.903213872776163,-0.779214173763782,0.03898054309892696,56.25117492675781,2.8609678745269775,0.05402960255742073,9
66,-22.818971815642776,-0.7748837504353556,0.038949003548954024,,,,9
67,-22.945765001790505,-0.772841917051302,0.038935319180242144,,,,9
68,-23.104692704194076,-0.7774006320046378,0.03933380131603225,,,,9
69,-23.208610282911287,-0.766322924540593,0.03892170564740427,,,,9
70,-23.602696410425892,-0.7639450560082922,0.03921129554184479,55.499629974365234,2.8945870399475098,0.07148764282464981,9
71,-23.97265512126309,-0.7673182487487793,0.038853477567785996,,,,9
72,-24.264881750920434,-0.7627160232383888,0.03906883797901389,,,,9
73,-24.715464056788626,-0.7462757167282638,0.03895012999988988,,,,9
74,-24.94550823998618,-0.748393660658723,0.039186313443888836,,,,9
75,-24.977606116474924,-0.7423678128035752,0.03888254061380362,45.6468505859375,2.8876264095306396,0.042675960808992386,9
76,-25.14837163311618,-0.742673420405888,0.0392225029360555,,,,9
77,-25.45626515441841,-0.731388607225218,0.038403956807329206,,,,9
78,-25.912432805641547,-0.7324044471020466,0.03880753971870754,,,,9
79,-26.25024463746931,-0.7294405973874606,0.03909517813415325,,,,9
80,-26.45772880774278,-0.7263988148082386,0.03918150355192748,51.443702697753906,2.8526580333709717,0.09080606698989868,9
81,-26.57313382708943,-0.7217135079257138,0.03921013698307472,,,,9
82,-27.085075800235455,-0.7288041298206036,0.03890820424613002,,,,9
83,-27.21499297168705,-0.7236270387689551,0.039160197525825745,,,,9
84,-27.537602461301365,-0.7159811516741773,0.038890861018749695,,,,9
85,-27.405968547701,-0.711667170891395,0.03864886425923999,47.756954193115234,2.912175416946411,0.07616249471902847,9
86,-27.630021385379603,-0.7074514719156119,0.038726131298247125,,,,9
87,-27.917132492665644,-0.7171547412872314,0.038978392935611984,,,,9
88,-28.227965805080387,-0.696644006075559,0.03912784317606031,,,,9
89,-28.44381801898663,-0.7013007027285916,0.03876017106019638,,,,9
90,-28.72337226100735,-0.6930487439348981,0.0391320717696856,61.71718215942383,2.812805652618408,0.07363029569387436,9
91,-28.781871538895828,-0.6956027787882131,0.03907403626179622,,,,9
92,-28.811199313277132,-0.690389218030276,0.03862915823229595,,,,9
93,-29.517360780622575,-0.6926742266941738,0.039217806326785495,,,,9
94,-29.432893914776248,-0.6777522147118629,0.03873365183549744,,,,9
95,-29.512358785509228,-0.6786929694089022,0.03887887108074566,47.71421432495117,2.89544939994812,0.07685252279043198,9
96,-29.584654056108914,-0.6808639573050546,0.039063403158207666,,,,9
97,-29.560293729488667,-0.6817925893343412,0.03900710041341665,,,,9
98,-29.476613729983775,-0.6741178019063456,0.0389818287685748,,,,9
99,-29.76074313783979,-0.6717412771878543,0.03919041928366296,,,,9
100,-29.97891635828085,-0.6720248969284804,0.03936325280985736,51.693599700927734,2.833595037460327,0.05566641688346863,9
101,-30.293347020249268,-0.666685871311001,0.038469825459357634,,,,9
102,-30.714402080415844,-0.6757796260860417,0.03919509287037841,,,,9
103,-30.911811168377216,-0.66804028724457,0.03840851852136267,,,,9
104,-31.172619132728844,-0.6690422788366571,0.03898821048718597,,,,9
105,-31.137560872764855,-0.666897341921613,0.038423324108019574,46.85546875,2.897765874862671,0.06621986627578735,9
106,-31.332404811899146,-0.6619780730534267,0.038899677079431455,,,,9
107,-31.6158038169354,-0.6685866842736731,0.03882492289363921,,,,9
108,-31.86135091648235,-0.6597898223183372,0.038352821813570664,,,,9
109,-32.30639464038235,-0.6565793861042369,0.038909543597080806,,,,9
110,-32.856607377112326,-0.6571476876318871,0.038750189757039706,58.231407165527344,2.8284738063812256,0.05657896026968956,9
111,-32.935869457004785,-0.6614227745082829,0.03896495226243107,,,,9
112,-33.46220955982075,-0.6574586071334518,0.03873071054947543,,,,9
113,-33.609821306241976,-0.6589015997373141,0.038866539275716545,,,,9
114,-33.58471964122532,-0.6554029738152778,0.03888753934362838,,,,9
115,-33.373424381642906,-0.6542187037167849,0.03895227395330224,55.288082122802734,2.9019763469696045,0.05406556650996208,9
116,-33.48665794959435,-0.6466520332789921,0.038532314755322115,,,,9
117,-33.725127395216404,-0.6601031993652557,0.03896705125999096,,,,9
118,-33.800634090717026,-0.6539697897184146,0.0386175105178898,,,,9
119,-34.228084225754635,-0.6521769903756521,0.03825332358043146,,,,9
120,-34.55774690387966,-0.6497383117675781,0.039037996268069204,52.10395812988281,2.9056129455566406,0.04687287285923958,9
121,-34.86724849514194,-0.6490066434953596,0.039255396464605116,,,,9
122,-35.117113880344206,-0.6435443738123754,0.03884895709896838,,,,9
123,-35.482048364786,-0.6574298285104178,0.03889069351256936,,,,9
124,-35.78347499553974,-0.6470993448804309,0.03850881574786157,,,,9
125,-35.779956460832715,-0.6490982162368881,0.03865181290954872,52.17107009887695,2.928602933883667,0.06406556814908981,9
126,-35.84982290468016,-0.6424640542143708,0.039058195617557925,,,,9
127,-36.157350453463465,-0.6450355469763696,0.03929113642592634,,,,9
128,-36.2519239012178,-0.6468784058844292,0.0391297432076238,,,,9
129,-36.48407894414622,-0.6432079468573724,0.0388132621195506,,,,9
130,-36.90894796131374,-0.6427452914364689,0.038886959371450064,47.54777526855469,2.8886771202087402,0.0674668699502945,9
131,-37.01105570959878,-0.6456525008995216,0.03839362221216405,,,,9
132,-37.5193474476154,-0.6510147014697949,0.03838280740786682,,,,9
133,-37.658742804627316,-0.6432928071989046,0.0388616684358567,,,,9
134,-38.29190538646458,-0.641930716854709,0.03839819598780177,,,,9
135,-38.6097320076469,-0.656984519291591,0.038907157219751,49.71575927734375,3.0088584423065186,0.07046829164028168,9
136,-39.30313361441339,-0.6449948357535409,0.03858218579618195,,,,9
137,-40.093949357946435,-0.6551279421452876,0.038549113614888456,,,,9
138,-40.58322907161046,-0.6499925526705655,0.038429836358327966,,,,9
139,-41.20943822727337,-0.654441903521131,0.03828588620616266,,,,9
140,-41.74177143457052,-0.6572144781792915,0.039068962408268786,41.356632232666016,2.8383381366729736,0.051434919238090515,9
141,-42.13678385327746,-0.6509222650861407,0.03843634383805044,,,,9
142,-42.4026381519291,-0.6402082976761397,0.0383587723640217,,,,9
143,-42.64216574088677,-0.6562361617188354,0.03827438947021753,,,,9
144,-42.85196195949208,-0.6441904348093312,0.039315289742853886,,,,9
145,-43.22356203052547,-0.6557329851430613,0.0382521942850541,46.327938079833984,2.9252586364746094,0.06545204669237137,9
146,-43.794231338100836,-0.6596516062329699,0.03850173364211056,,,,9
147,-44.561119903217666,-0.6425811794254329,0.03832473652925785,,,,9
148,-44.942176938890576,-0.6520251194080273,0.03818601370346244,,,,9
149,-44.90855294340974,-0.6530789061859771,0.03885545182510741,,,,9
150,-45.17554536566034,-0.6497755317421227,0.03836703332876982,46.105262756347656,2.9649269580841064,0.05883048474788666,9
1,3.8414864767297217,-3.2506023416152368,0.09181547390583616,208.95361328125,2.1073977947235107,0.031977348029613495,10
2,2.599346870751856,-2.8997675794196294,0.07736817823879265,,,,10
3,1.0558233907140167,-2.8196753932462704,0.07615330505145752,,,,10
4,-1.2112869350158226,-2.490188355212445,0.0661888219158888,,,,10
5,-3.5802426760221695,-2.2177167477516027,0.0595123126396219,104.51740264892578,2.6075313091278076,0.02401205152273178,10
6,-4.78275160397683,-2.0613502320292945,0.054169966233568595,,,,10
7,-6.643155589803949,-1.9565934715987918,0.0521857471081552,,,,10
8,-8.330179349525825,-1.865198712665718,0.05059554708561489,,,,10
9,-9.48226316158588,-1.775131908746866,0.04805772633363421,,,,10
10,-9.800598946067836,-1.7052234923922933,0.04761959916189105,84.44340515136719,2.71608829498291,0.04598793387413025,10
11,-10.568525859942802,-1.641377123085769,0.046359326519475844,,,,10
12,-11.674766252090881,-1.6035342691661594,0.04605339843473703,,,,10
13,-12.756661134166317,-1.5350963094017722,0.04463916695416234,,,,10
14,-13.463315951240647,-1.4971881929811064,0.04454510510488824,,,,10
15,-14.472966821877273,-1.454143503329137,0.04436931009502052,81.17151641845703,2.749737024307251,0.03095490299165249,10
16,-15.230041088757815,-1.4110285693948919,0.04313013938555194,,,,10
17,-15.782100014753276,-1.3726981211375524,0.04234224727045145,,,,10
18,-16.359005265302592,-1.3425691786345901,0.042143599516093415,,,,10
19,-17.227763892887356,-1.3128026006938693,0.04096799547184858,,,,10
20,-18.020175985523036,-1.2877495530601981,0.040641103550414004,70.71121215820312,2.761772871017456,0.0501859188079834,10
21,-18.55217076264895,-1.2650366629753913,0.04069592731425187,,,,10
22,-18.888818274011147,-1.239405273557543,0.040268264069397756,,,,10
23,-19.499457526040246,-1.2132660842442011,0.03954615746624768,,,,10
24,-20.101947592688607,-1.2089644962257438,0.03976438296274966,,,,10
25,-20.432725074407937,-1.1900061677385878,0.03950862438496124,58.15957260131836,2.8375566005706787,0.03688664734363556,10
26,-20.8075774833039,-1.169470563635126,0.03943576992788984,,,,10
27,-21.21236692441927,-1.1505463923607673,0.039325091963425485,,,,10
28,-21.587436537642578,-1.1424083209537959,0.03921122140889349,,,,10
29,-21.50254349941974,-1.108058182509629,0.038445568889366476,,,,10
30,-21.502155487353985,-1.0985009486858661,0.038703841745032816,67.97342681884766,2.839313268661499,0.044073253870010376,10
31,-21.98246720954255,-1.088704289256276,0.038808077502136044,,,,10
32,-22.470427346396278,-1.0732961301203374,0.0377948139891862,,,,10
33,-23.082531582225453,-1.0550092083590847,0.03777702238697272,,,,10
34,-23.66080682427733,-1.0374449533182424,0.03803755693183235,,,,10
35,-24.231914031755675,-1.0264433764077567,0.03768206366591833,59.80267333984375,2.836972951889038,0.04435185715556145,10
36,-24.568355882084454,-1.0072492152660877,0.03792308993683151,,,,10
37,-25.069176627205803,-1.0115697433898498,0.03783253765293768,,,,10
38,-25.439089389947746,-0.9933006029862624,0.03768661579319074,,,,10
39,-25.572827310828895,-0.9890281153725577,0.03701207053544768,,,,10
40,-25.846170237014345,-0.972298005244115,0.03756818298243924,60.048404693603516,2.8485610485076904,0.06053152307868004,10
41,-26.192857112084237,-0.9697038827242551,0.03715947901966845,,,,10
42,-26.726948182899637,-0.9632800442355496,0.03682996766068614,,,,10
43,-27.28839141172129,-0.9487936980240829,0.0373346689629362,,,,10
44,-27.801237389757915,-0.9486176634168292,0.036894029322230106,,,,10
45,-28.318796167840492,-0.9375073226181777,0.03684184090169212,57.416160583496094,2.8783249855041504,0.06757818162441254,10
46,-28.94057576806395,-0.9269213142928544,0.03645866159251989,,,,10
47,-29.608232764930992,-0.9168987974420294,0.03642075192150693,,,,10
48,-30.254151162567673,-0.9139205325733532,0.036986861661258905,,,,10
49,-30.869378360001356,-0.9018139639100828,0.03636184464358575,,,,10
50,-31.61141598308003,-0.8931978315740199,0.036045351718598,61.16004180908203,2.8638246059417725,0.04040996730327606,10
51,-32.17896409634944,-0.885639805893798,0.03576895209205161,,,,10
52,-32.81228801587245,-0.8765713918459165,0.03640501506926192,,,,10
53,-33.45263113842144,-0.8716314439173345,0.03623945883742267,,,,10
54,-33.86471480256194,-0.8639877359350244,0.03612363017229298,,,,10
55,-34.34863983167635,-0.8527658602574488,0.036191919906442604,58.006690979003906,2.8967957496643066,0.05051623657345772,10
56,-34.893932262500684,-0.852377304664025,0.03546373354160338,,,,10
57,-35.30706025837185,-0.8392938900660801,0.03572764930517211,,,,10
58,-35.627783665290245,-0.8424924103530137,0.03586665076086415,,,,10
59,-36.08773051775419,-0.828206569164783,0.03627479493201196,,,,10
60,-36.64354100927606,-0.820647683176961,0.03534558104266497,54.99380874633789,2.9375107288360596,0.04346347227692604,10
61,-36.85807537865806,-0.8108018995164992,0.03550808037097169,,,,10
62,-37.098713691417984,-0.811768718532749,0.036026800464890846,,,,10
63,-37.47437456104305,-0.8045699813149192,0.03613622792690367,,,,10
64,-37.78010916876626,-0.7990029908560373,0.03565049963234761,,,,10
65,-38.09743979260638,-0.8007419326088645,0.03645227876348564,55.517120361328125,2.8753795623779297,0.060325298458337784,10
66,-38.22953050119894,-0.7888491870640041,0.03583203953645238,,,,10
67,-38.282832322420774,-0.7865660774124252,0.03602552231095106,,,,10
68,-38.62236498119114,-0.7773243430611136,0.036054604885435396,,,,10
69,-38.96014773428857,-0.7697344993377899,0.03593824201400255,,,,10
70,-39.40666971340046,-0.7701924564121486,0.03513951299197555,59.54832458496094,2.8729636669158936,0.06504327803850174,10
71,-39.76393490571242,-0.7683174326703265,0.03575146933887284,,,,10
72,-39.94795465802813,-0.7591756607269073,0.03548084093759266,,,,10
73,-40.12304199658907,-0.7655962363823311,0.0357220350224134,,,,10
74,-40.49845690827269,-0.7540339723333612,0.035997429279727745,,,,10
75,-40.792225831038465,-0.7442741694150271,0.03613008833750822,52.1248664855957,2.9286110401153564,0.0639670118689537,10
76,-41.33943532396864,-0.7447815374894575,0.03634402783704804,,,,10
77,-41.60225588458401,-0.7431758367098295,0.03609700648478799,,,,10
78,-41.58112763691615,-0.7296430414373224,0.03552951869372461,,,,10
79,-41.62275240638039,-0.7319709571091445,0.03591441663659432,,,,10
80,-42.076865539684164,-0.7218476508880829,0.03557442142823516,60.60981750488281,2.872100591659546,0.03636782988905907,10
81,-42.27614711548065,-0.7210045827852263,0.036131969416982955,,,,10
82,-42.35569036257017,-0.7223640822030447,0.035513567603095535,,,,10
83,-42.2242332838632,-0.7193337453828825,0.035762803191058595,,,,10
84,-42.503675907641856,-0.7103464553406188,0.03577568146263386,,,,10
85,-42.702771520281175,-0.7114301228023076,0.035955207137443074,47.36371994018555,2.8631653785705566,0.047409191727638245,10
86,-42.97968151185896,-0.6999992357267366,0.035880917987714596,,,,10
87,-43.294787627000076,-0.7025318612585535,0.03564216306765232,,,,10
88,-43.515539992939345,-0.7033712480451677,0.03522444699265688,,,,10
89,-43.73897710546747,-0.7003167825978953,0.03570392542889902,,,,10
90,-43.59944508292458,-0.6918584016653208,0.036043779198340814,50.46151351928711,2.957202196121216,0.03844558075070381,10
91,-44.12919497990108,-0.6872206001014977,0.03569862490741314,,,,10
92,-44.43846799943831,-0.6840596832595505,0.03600860939530486,,,,10
93,-44.67856328137271,-0.679090369831432,0.03610925582706459,,,,10
94,-44.96402839847378,-0.6784792913423552,0.03601217561017175,,,,10
95,-45.290076735970025,-0.6768052127811458,0.03569779608568007,44.68572998046875,2.8863301277160645,0.03860253095626831,10
96,-45.634856650879335,-0.6739605056655991,0.03568410520096655,,,,10
97,-45.78267286540745,-0.6743851141496138,0.03604975719187226,,,,10
98,-45.954288129206304,-0.6702113451657595,0.03604466228263935,,,,10
99,-46.26987321226747,-0.6628943856779512,0.03615739067912206,,,,10
100,-46.309648143661605,-0.6666178936724896,0.03570216158209564,52.865169525146484,2.8340470790863037,0.043203894048929214,10
101,-46.280072435632455,-0.657913228014966,0.03550178966471938,,,,10
102,-45.97612537370695,-0.6620967704933006,0.03630627091759099,,,,10
103,-46.08226273276589,-0.6502675643334022,0.03613614712652939,,,,10
104,-46.407972089060536,-0.6547915885498473,0.03657532317020077,,,,10
105,-46.77025571569696,-0.6474093023713652,0.036239159715173025,52.61648941040039,2.875699996948242,0.03532646968960762,10
106,-46.65226210414113,-0.649208525677661,0.036485974191707536,,,,10
107,-47.05726962322955,-0.6438739316446798,0.035970853109212296,,,,10
108,-47.504089215418674,-0.6412630014486246,0.036117273379586166,,,,10
109,-47.6163810016392,-0.6431156171785368,0.03629350654904607,,,,10
110,-47.68517926022723,-0.6372916615092671,0.03584291497115176,46.439823150634766,2.894819974899292,0.06761492788791656,10
111,-47.562718914938976,-0.6381430059046178,0.03619158578144347,,,,10
112,-47.86006347949688,-0.6317116163827322,0.03569603055777432,,,,10
113,-48.04925447077184,-0.6348248595124358,0.03651061975983317,,,,10
114,-48.18731256965157,-0.6358459579361069,0.035850870885423845,,,,10
115,-48.24353090366284,-0.62675804191536,0.03590366524038511,52.39206314086914,2.812073230743408,0.05622852221131325,10
116,-48.207740600292496,-0.6312748602220228,0.03627458343386546,,,,10
117,-48.5469380492097,-0.6297320819401241,0.0360240842837684,,,,10
118,-48.52243594189624,-0.6230455411897673,0.0361429410905193,,,,10
119,-48.7430382375117,-0.6187464907452777,0.03683709100514025,,,,10
120,-49.010548074762305,-0.6215693400456355,0.03619975907324286,43.52438735961914,2.936293125152588,0.08123103529214859,10
121,-48.86291454555271,-0.6153713106275438,0.03576198883494688,,,,10
122,-49.11315896294334,-0.613791659161761,0.03582051117298799,,,,10
123,-49.18429794845048,-0.6119231010650421,0.03614293101530235,,,,10
124,-49.17259361693909,-0.6105480994377936,0.036295174822940694,,,,10
125,-49.256490917472576,-0.6123919253582721,0.03651113360892278,39.643863677978516,2.939131498336792,0.05788376182317734,10
126,-49.002154597035656,-0.6103647305415227,0.036383395044172144,,,,10
127,-48.74627244389141,-0.6046379029334008,0.036555157314946914,,,,10
128,-48.865649736844574,-0.6000701930973079,0.03643551700540095,,,,10
129,-49.27078507163308,-0.5999087953900958,0.03643968908956365,,,,10
130,-49.40469671129347,-0.603923150709459,0.03600204557219481,49.75179672241211,2.8857333660125732,0.08146224915981293,10
131,-49.5300855936704,-0.6008563508520594,0.0362305414856418,,,,10
132,-49.15255309485055,-0.6007233432956509,0.03598300955694664,,,,10
133,-49.33956386659529,-0.6017401768611028,0.03595471266539885,,,,10
134,-49.46804348071972,-0.6024313439856043,0.03593026437158403,,,,10
135,-49.23411031536289,-0.5961127514605755,0.036301325366773704,41.5888786315918,2.918041467666626,0.061210747808218,10
136,-48.927915916576254,-0.5961706221520484,0.03644717825980453,,,,10
137,-49.02014039446424,-0.5923147201538086,0.03596292250184017,,,,10
138,-49.139146257947374,-0.5945046264808495,0.036367833756001576,,,,10
139,-49.10804750869324,-0.5896991416290923,0.0361943100579083,,,,10
140,-49.10475937303129,-0.590022390538996,0.03624272259388614,52.100833892822266,2.8276751041412354,0.05434630811214447,10
141,-49.267478416016054,-0.5919971666135988,0.03633115663017322,,,,10
142,-49.394708760134826,-0.5883238432290671,0.03622469344905779,,,,10
143,-49.37372025909957,-0.5829473308749966,0.036254374935597806,,,,10
144,-48.777682204346554,-0.5829480111182153,0.03651350337223938,,,,10
145,-48.73409752078823,-0.5855509251147717,0.03707106270944582,54.75032424926758,2.8371410369873047,0.05746801197528839,10
146,-48.845649002315284,-0.5850624471277623,0.036995289611167735,,,,10
147,-48.883772063088585,-0.5769487060866989,0.0362661012295321,,,,10
148,-49.23612692639544,-0.5683159694805012,0.03624465498565273,,,,10
149,-49.001643017455415,-0.5779810218544273,0.036710376635525975,,,,10
150,-49.25816316204471,-0.572727096664322,0.03651010381201139,46.08033752441406,2.8406312465667725,0.05317417159676552,10
